Workbook

Sheet Petunjuk
A1: PERHITUNGAN MANUAL SISTEM - Peramalan, Kebutuhan Bahan, Safety Stock, ROP, Rekomendasi Beli
A2: Restoran X | contoh 2 menu (Nasi Goreng Spesial, Mie Goreng Spesial) | data dummy versi 2: Jun 2021 - Mei 2026 (60 bulan)
A4: ALUR SHEET
A5: Data (input) > TES_*_Uji dan Census_*_Uji: model dilatih 48 bulan, diuji 12 bulan > Pilih_Metode: MAPE holdout terendah (seri = TES) > TES_* dan Census_* (final): dilatih ulang 60 bulan, ramal 12 bulan ke depan
A6: > Prediksi_Periode: hasil untuk tgl_awal-tgl_akhir > Kebutuhan_Bahan: KB = jumlah(BOM x prediksi) > Riwayat_Bahan: pemakaian historis & Dmax > Restock: SS, ROP, status, jumlah beli. Bobot_Filter: bobot MA/Henderson/musiman.
A8: KEPUTUSAN MODEL
A9: Model MULTIPLIKATIF untuk TES dan Census II, dengan alasan teoretis: efek musiman berupa persentase dari level (Ramadan, Desember, Januari, dst.), sehingga amplitudonya ikut naik bila level naik, dan efeknya sebanding antar menu yang volumenya berbeda.
A10: Uji empiris pada 53 menu (holdout 12 bulan) hampir seri: TES multiplikatif menang di 21 menu (median MAPE 6.75% vs aditif 6.70%); Census II multiplikatif menang di 4 menu (median 8.34% vs aditif 8.11%). Jadi pilihan ini bertumpu pada sifat data, bukan hasil uji.
A11: Kelemahan multiplikatif: tidak bisa untuk nilai <= 0 (tidak terjadi pada penjualan). Kelebihan aditif: lebih sederhana bila amplitudo musiman konstan.
A12: Filter musiman: iterasi 1 memakai 3x3, iterasi 2 memakai 3x5 (urutan standar X-11). Tren memakai Henderson 13 suku.
A14: ASUMSI & KETERBATASAN (baca sebelum dipakai)
A15: 1. MAPE dihitung pada holdout (latih t=1..48, uji t=49..60), lalu model final dilatih ulang dengan seluruh 60 bulan. alpha/beta/gamma hasil optimasi SSE di Python (dibulatkan); sistem nanti mengoptimasi sendiri.
... A23: Font biru = input/konstanta | Hitam = rumus | Hijau = tautan dari sheet lain | Sel kuning = asumsi/isian yang perlu Anda ganti.

Sheet Data
A1: DATA PENJUALAN BULANAN (porsi) - input
A2: Sumber: data_penjualan_restoran_x_v2.xlsx (data dummy versi 2, Jun 2021 - Mei 2026), menu No.1 dan No.4. Nilai disalin apa adanya.
A4: t | B4: Periode | C4: Hari dlm bulan | D4: Nasi Goreng Spesial | E4: Mie Goreng Spesial
A5: 1 | B5: 44348 | C5: =DAY(EOMONTH(B5,0)) -> 30 | D5: 230 | E5: 221
A6: 2 | B6: 44378 | C6: =DAY(EOMONTH(B6,0)) -> 31 | D6: 268 | E6: 238
A7: 3 | B7: 44409 | C7: =DAY(EOMONTH(B7,0)) -> 31 | D7: 220 | E7: 222
A8: 4 | B8: 44440 | C8: =DAY(EOMONTH(B8,0)) -> 30 | D8: 260 | E8: 204
A9: 5 | B9: 44470 | C9: =DAY(EOMONTH(B9,0)) -> 31 | D9: 252 | E9: 221
A10: 6 | B10: 44501 | C10: =DAY(EOMONTH(B10,0)) -> 30 | D10: 241 | E10: 225
A11: 7 | B11: 44531 | C11: =DAY(EOMONTH(B11,0)) -> 31 | D11: 302 | E11: 278
A12: 8 | B12: 44562 | C12: =DAY(EOMONTH(B12,0)) -> 31 | D12: 288 | E12: 245
A13: 9 | B13: 44593 | C13: =DAY(EOMONTH(B13,0)) -> 28 | D13: 244 | E13: 179
A14: 10 | B14: 44621 | C14: =DAY(EOMONTH(B14,0)) -> 31 | D14: 246 | E14: 223
A15: 11 | B15: 44652 | C15: =DAY(EOMONTH(B15,0)) -> 30 | D15: 346 | E15: 293
A16: 12 | B16: 44682 | C16: =DAY(EOMONTH(B16,0)) -> 31 | D16: 289 | E16: 241
... A64: 60 | B64: 46143 | C64: =DAY(EOMONTH(B64,0)) -> 31 | D64: 295 | E64: 294

Sheet Bobot_Filter
A1: BOBOT FILTER (definisi tetap)
A3: MA 2x12 (13 suku)
A4: k=-6 | B4: =1/24 -> 0.041666667
A5: k=-5 | B5: =1/12 -> 0.083333333
A6: k=-4 | B6: =1/12 -> 0.083333333
A7: k=-3 | B7: =1/12 -> 0.083333333
A8: k=-2 | B8: =1/12 -> 0.083333333
A9: k=-1 | B9: =1/12 -> 0.083333333
A10: k=0 | B10: =1/12 -> 0.083333333
A11: k=1 | B11: =1/12 -> 0.083333333
A12: k=2 | B12: =1/12 -> 0.083333333
A13: k=3 | B13: =1/12 -> 0.083333333
A14: k=4 | B14: =1/12 -> 0.083333333
A15: k=5 | B15: =1/12 -> 0.083333333
A16: k=6 | B16: =1/24 -> 0.041666667
A17: Jumlah | B17: =SUM(B4:B16) -> 1
A19: Henderson 13 suku: r = m+2, m = 6 | B19: 8 | C19: w(j) = 315[(r-1)^2-j^2][r^2-j^2][(r+1)^2-j^2][3r^2-16-11j^2] / (8r(r^2-1)(4r^2-1)(4r^2-9)(4r^2-25))
A20: -6 | B20: =315*(($B$19-1)^2-A20^2)*($B$19^2-A20^2)*(($B$19+1)^2-A20^2)*(3*$B$19^2-16-11*A20^2)/(8*$B$19*($B$19^2-1)*(4*$B$19^2-1)*(4*$B$19^2-9)*(4*$B$19^2-25)) -> -0.019349845
A21: -5 | B21: =315*(($B$19-1)^2-A21^2)*($B$19^2-A21^2)*(($B$19+1)^2-A21^2)*(3*$B$19^2-16-11*A21^2)/(8*$B$19*($B$19^2-1)*(4*$B$19^2-1)*(4*$B$19^2-9)*(4*$B$19^2-25)) -> -0.027863777
A22: -4 | B22: =315*(($B$19-1)^2-A22^2)*($B$19^2-A22^2)*(($B$19+1)^2-A22^2)*(3*$B$19^2-16-11*A22^2)/(8*$B$19*($B$19^2-1)*(4*$B$19^2-1)*(4*$B$19^2-9)*(4*$B$19^2-25)) -> 0
A23: -3 | B23: =315*(($B$19-1)^2-A23^2)*($B$19^2-A23^2)*(($B$19+1)^2-A23^2)*(3*$B$19^2-16-11*A23^2)/(8*$B$19*($B$19^2-1)*(4*$B$19^2-1)*(4*$B$19^2-9)*(4*$B$19^2-25)) -> 0.065491784
A24: -2 | B24: =315*(($B$19-1)^2-A24^2)*($B$19^2-A24^2)*(($B$19+1)^2-A24^2)*(3*$B$19^2-16-11*A24^2)/(8*$B$19*($B$19^2-1)*(4*$B$19^2-1)*(4*$B$19^2-9)*(4*$B$19^2-25)) -> 0.14735651
A25: -1 | B25: =315*(($B$19-1)^2-A25^2)*($B$19^2-A25^2)*(($B$19+1)^2-A25^2)*(3*$B$19^2-16-11*A25^2)/(8*$B$19*($B$19^2-1)*(4*$B$19^2-1)*(4*$B$19^2-9)*(4*$B$19^2-25)) -> 0.21433675
A26: 0 | B26: =315*(($B$19-1)^2-A26^2)*($B$19^2-A26^2)*(($B$19+1)^2-A26^2)*(3*$B$19^2-16-11*A26^2)/(8*$B$19*($B$19^2-1)*(4*$B$19^2-1)*(4*$B$19^2-9)*(4*$B$19^2-25)) -> 0.24005716
A27: 1 | B27: =315*(($B$19-1)^2-A27^2)*($B$19^2-A27^2)*(($B$19+1)^2-A27^2)*(3*$B$19^2-16-11*A27^2)/(8*$B$19*($B$19^2-1)*(4*$B$19^2-1)*(4*$B$19^2-9)*(4*$B$19^2-25)) -> 0.21433675
A28: 2 | B28: =315*(($B$19-1)^2-A28^2)*($B$19^2-A28^2)*(($B$19+1)^2-A28^2)*(3*$B$19^2-16-11*A28^2)/(8*$B$19*($B$19^2-1)*(4*$B$19^2-1)*(4*$B$19^2-9)*(4*$B$19^2-25)) -> 0.14735651
A29: 3 | B29: =315*(($B$19-1)^2-A29^2)*($B$19^2-A29^2)*(($B$19+1)^2-A29^2)*(3*$B$19^2-16-11*A29^2)/(8*$B$19*($B$19^2-1)*(4*$B$19^2-1)*(4*$B$19^2-9)*(4*$B$19^2-25)) -> 0.065491784
A30: 4 | B30: =315*(($B$19-1)^2-A30^2)*($B$19^2-A30^2)*(($B$19+1)^2-A30^2)*(3*$B$19^2-16-11*A30^2)/(8*$B$19*($B$19^2-1)*(4*$B$19^2-1)*(4*$B$19^2-9)*(4*$B$19^2-25)) -> 0
A31: 5 | B31: =315*(($B$19-1)^2-A31^2)*($B$19^2-A31^2)*(($B$19+1)^2-A31^2)*(3*$B$19^2-16-11*A31^2)/(8*$B$19*($B$19^2-1)*(4*$B$19^2-1)*(4*$B$19^2-9)*(4*$B$19^2-25)) -> -0.027863777
A32: 6 | B32: =315*(($B$19-1)^2-A32^2)*($B$19^2-A32^2)*(($B$19+1)^2-A32^2)*(3*$B$19^2-16-11*A32^2)/(8*$B$19*($B$19^2-1)*(4*$B$19^2-1)*(4*$B$19^2-9)*(4*$B$19^2-25)) -> -0.019349845
A33: Jumlah | B33: =SUM(B20:B32) -> 1
A36: Filter musiman 3x3 (5 suku, selang 12 bulan)
A37: Offset (bulan) | B37: -24 | C37: -12 | D37: 0 | E37: 12 | F37: 24
A38: Bobot | B38: =1/9 -> 0.11111111 | C38: =2/9 -> 0.22222222 | D38: =3/9 -> 0.33333333 | E38: =2/9 -> 0.22222222 | F38: =1/9 -> 0.11111111 | H38: =SUM(B38:F38) -> 1
A41: Filter musiman 3x5 (7 suku, selang 12 bulan)
A42: Offset (bulan) | B42: -36 | C42: -24 | D42: -12 | E42: 0 | F42: 12 | G42: 24 | H42: 36
A43: Bobot | B43: =1/15 -> 0.066666667 | C43: =2/15 -> 0.13333333 | D43: =3/15 -> 0.2 | E43: =3/15 -> 0.2 | F43: =3/15 -> 0.2 | G43: =2/15 -> 0.13333333 | H43: =1/15 -> 0.066666667 | I43: =SUM(B43:H43) -> 1

Sheet TES_NasiGoreng_Uji
A1: TRIPLE EXPONENTIAL SMOOTHING (Holt-Winters multiplikatif) - Nasi Goreng Spesial - UJI (latih t=1..48, uji t=49..60)
A3: alpha (level) | B3: 0.01 | C3: alpha/beta/gamma = hasil optimasi SSE (Python, L-BFGS-B, batas 0,01-0,99) pada data latih t=1..48, dibulatkan 2 desimal. Bisa diganti manual; di Excel bisa dioptimasi dengan Solver pada B9.
A4: beta (tren) | B4: 0.37 | C4: Inisialisasi: L12 = rata-rata musim 1; b12 = (rata-rata musim 2 - rata-rata musim 1)/m; S_t = Y_t/L12 (t=1..12).
A5: gamma (musiman) | B5: 0.94 | C5: F_t=(L_(t-1)+b_(t-1))*S_(t-m); L_t=a*Y_t/S_(t-m)+(1-a)(L_(t-1)+b_(t-1)); b_t=b(L_t-L_(t-1))+(1-b)b_(t-1); S_t=g*Y_t/L_t+(1-g)S_(t-m).
A6: m (panjang musim) | B6: 12 | C6: Ramalan: F_(n+h) = (L_n + h*b_n)*S_(n+h-m), n=48. Baris ramalan dibandingkan dengan aktual (holdout).
A7: MAPE holdout (t=49..60) | B7: =AVERAGE(H60:H71) -> 0.069927551
A8: MAPE in-sample (t=13..48) | B8: =AVERAGE(H24:H59) -> 0.063320134
A9: SSE in-sample (t=13..48) | B9: =SUMXMY2(C24:C59,G24:G59) -> 19134.013
A11: t | B11: Periode | C11: Aktual (Y) | D11: Level (L) | E11: Tren (b) | F11: Musiman (S) | G11: Fitted / Ramalan | H11: APE | I11: Tahap
A12: 1 | B12: =Data!B5 -> 44348 | C12: =Data!D5 -> 230 | F12: =C12/$D$23 -> 0.86629002 | I12: Inisialisasi
A13: 2 | B13: =Data!B6 -> 44378 | C13: =Data!D6 -> 268 | F13: =C13/$D$23 -> 1.0094162 | I13: Inisialisasi
A14: 3 | B14: =Data!B7 -> 44409 | C14: =Data!D7 -> 220 | F14: =C14/$D$23 -> 0.82862524 | I14: Inisialisasi
A15: 4 | B15: =Data!B8 -> 44440 | C15: =Data!D8 -> 260 | F15: =C15/$D$23 -> 0.97928437 | I15: Inisialisasi
A16: 5 | B16: =Data!B9 -> 44470 | C16: =Data!D9 -> 252 | F16: =C16/$D$23 -> 0.94915254 | I16: Inisialisasi
A17: 6 | B17: =Data!B10 -> 44501 | C17: =Data!D10 -> 241 | F17: =C17/$D$23 -> 0.90772128 | I17: Inisialisasi
A18: 7 | B18: =Data!B11 -> 44531 | C18: =Data!D11 -> 302 | F18: =C18/$D$23 -> 1.1374765 | I18: Inisialisasi
A19: 8 | B19: =Data!B12 -> 44562 | C19: =Data!D12 -> 288 | F19: =C19/$D$23 -> 1.0847458 | I19: Inisialisasi
A20: 9 | B20: =Data!B13 -> 44593 | C20: =Data!D13 -> 244 | F20: =C20/$D$23 -> 0.91902072 | I20: Inisialisasi
A21: 10 | B21: =Data!B14 -> 44621 | C21: =Data!D14 -> 246 | F21: =C21/$D$23 -> 0.92655367 | I21: Inisialisasi
A22: 11 | B22: =Data!B15 -> 44652 | C22: =Data!D15 -> 346 | F22: =C22/$D$23 -> 1.3032015 | I22: Inisialisasi
A23: 12 | B23: =Data!B16 -> 44682 | C23: =Data!D16 -> 289 | D23: =AVERAGE(C12:C23) -> 265.5 | E23: =(AVERAGE(C24:C35)-AVERAGE(C12:C23))/$B$6 -> 0.84027778 | F23: =C23/$D$23 -> 1.0885122 | I23: Inisialisasi
A24: 13 | B24: =Data!B17 -> 44713 | C24: =Data!D17 -> 251 | D24: =$B$3*(C24/F12)+(1-$B$3)*(D23+E23) -> 266.57429 | E24: =$B$4*(D24-D23)+(1-$B$4)*E23 -> 0.92686158 | F24: =$B$5*(C24/D24)+(1-$B$5)*F12 -> 0.93705901 | G24: =(D23+E23)*F12 -> 230.72792 | H24: =ABS(C24-G24)/C24 -> 0.080765242 | I24: Smoothing
A25: 14 | B25: =Data!B18 -> 44743 | C25: =Data!D18 -> 277 | D25: =$B$3*(C25/F13)+(1-$B$3)*(D24+E24) -> 267.5703 | E25: =$B$4*(D25-D24)+(1-$B$4)*E24 -> 0.95244669 | F25: =$B$5*(C25/D25)+(1-$B$5)*F13 -> 1.0336924 | G25: =(D24+E24)*F13 -> 270.01999 | H25: =ABS(C25-G25)/C25 -> 0.025198582 | I25: Smoothing
A26: 15 | B26: =Data!B19 -> 44774 | C26: =Data!D19 -> 256 | D26: =$B$3*(C26/F14)+(1-$B$3)*(D25+E25) -> 268.92697 | E26: =$B$4*(D26-D25)+(1-$B$4)*E25 -> 1.1020107 | F26: =$B$5*(C26/D26)+(1-$B$5)*F14 -> 0.94453293 | G26: =(D25+E25)*F14 -> 222.50472 | H26: =ABS(C26-G26)/C26 -> 0.13084093 | I26: Smoothing
A27: 16 | B27: =Data!B20 -> 44805 | C27: =Data!D20 -> 247 | D27: =$B$3*(C27/F15)+(1-$B$3)*(D26+E26) -> 269.85094 | E27: =$B$4*(D27-D26)+(1-$B$4)*E26 -> 1.036136 | F27: =$B$5*(C27/D27)+(1-$B$5)*F15 -> 0.91915798 | G27: =(D26+E26)*F15 -> 264.43516 | H27: =ABS(C27-G27)/C27 -> 0.070587702 | I27: Smoothing
A28: 17 | B28: =Data!B21 -> 44835 | C28: =Data!D21 -> 250 | D28: =$B$3*(C28/F16)+(1-$B$3)*(D27+E27) -> 270.81214 | E28: =$B$4*(D28-D27)+(1-$B$4)*E27 -> 1.0084074 | F28: =$B$5*(C28/D28)+(1-$B$5)*F16 -> 0.92470937 | G28: =(D27+E27)*F16 -> 257.11316 | H28: =ABS(C28-G28)/C28 -> 0.02845264 | I28: Smoothing
A29: 18 | B29: =Data!B22 -> 44866 | C29: =Data!D22 -> 264 | D29: =$B$3*(C29/F17)+(1-$B$3)*(D28+E28) -> 272.01072 | E29: =$B$4*(D29-D28)+(1-$B$4)*E28 -> 1.0787726 | F29: =$B$5*(C29/D29)+(1-$B$5)*F17 -> 0.96678026 | G29: =(D28+E28)*F17 -> 246.73729 | H29: =ABS(C29-G29)/C29 -> 0.065389043 | I29: Smoothing
A30: 19 | B30: =Data!B23 -> 44896 | C30: =Data!D23 -> 320 | D30: =$B$3*(C30/F18)+(1-$B$3)*(D29+E29) -> 273.17184 | E30: =$B$4*(D30-D29)+(1-$B$4)*E29 -> 1.1092421 | F30: =$B$5*(C30/D30)+(1-$B$5)*F18 -> 1.169387 | G30: =(D29+E29)*F18 -> 310.63287 | H30: =ABS(C30-G30)/C30 -> 0.029272282 | I30: Smoothing
A31: 20 | B31: =Data!B24 -> 44927 | C31: =Data!D24 -> 278 | D31: =$B$3*(C31/F19)+(1-$B$3)*(D30+E30) -> 274.10109 | E31: =$B$4*(D31-D30)+(1-$B$4)*E30 -> 1.0426427 | F31: =$B$5*(C31/D31)+(1-$B$5)*F19 -> 1.0184556 | G31: =(D30+E30)*F19 -> 297.52525 | H31: =ABS(C31-G31)/C31 -> 0.070234695 | I31: Smoothing
A32: 21 | B32: =Data!B25 -> 44958 | C32: =Data!D25 -> 254 | D32: =$B$3*(C32/F20)+(1-$B$3)*(D31+E31) -> 275.1561 | E32: =$B$4*(D32-D31)+(1-$B$4)*E31 -> 1.0472212 | F32: =$B$5*(C32/D32)+(1-$B$5)*F20 -> 0.92286686 | G32: =(D31+E31)*F20 -> 252.86279 | H32: =ABS(C32-G32)/C32 -> 0.0044772146 | I32: Smoothing
A33: 22 | B33: =Data!B26 -> 44986 | C33: =Data!D26 -> 297 | D33: =$B$3*(C33/F21)+(1-$B$3)*(D32+E32) -> 276.64672 | E33: =$B$4*(D33-D32)+(1-$B$4)*E32 -> 1.2112768 | F33: =$B$5*(C33/D33)+(1-$B$5)*F21 -> 1.0647503 | G33: =(D32+E32)*F21 -> 255.91721 | H33: =ABS(C33-G33)/C33 -> 0.13832591 | I33: Smoothing
A34: 23 | B34: =Data!B27 -> 45017 | C34: =Data!D27 -> 352 | D34: =$B$3*(C34/F22)+(1-$B$3)*(D33+E33) -> 277.78046 | E34: =$B$4*(D34-D33)+(1-$B$4)*E33 -> 1.1825872 | F34: =$B$5*(C34/D34)+(1-$B$5)*F22 -> 1.2693486 | G34: =(D33+E33)*F22 -> 362.10496 | H34: =ABS(C34-G34)/C34 -> 0.028707268 | I34: Smoothing
A35: 24 | B35: =Data!B28 -> 45047 | C35: =Data!D28 -> 261 | D35: =$B$3*(C35/F23)+(1-$B$3)*(D34+E34) -> 278.57118 | E35: =$B$4*(D35-D34)+(1-$B$4)*E34 -> 1.0375981 | F35: =$B$5*(C35/D35)+(1-$B$5)*F23 -> 0.94601921 | G35: =(D34+E34)*F23 -> 303.65469 | H35: =ABS(C35-G35)/C35 -> 0.16342792 | I35: Smoothing
... A59: 48 | B59: =Data!B52 -> 45778 | C59: =Data!D52 -> 278 | D59: =$B$3*(C59/F47)+(1-$B$3)*(D58+E58) -> 309.51856 | E59: =$B$4*(D59-D58)+(1-$B$4)*E58 -> 1.3053539 | F59: =$B$5*(C59/D59)+(1-$B$5)*F47 -> 0.90231847 | G59: =(D58+E58)*F47 -> 299.62151 | H59: =ABS(C59-G59)/C59 -> 0.077775209 | I59: Smoothing
A60: 49 | B60: =EDATE(B59,1) -> 45809 | C60: =Data!D53 -> 330 | G60: =($D$59+(A60-48)*$E$59)*F48 -> 285.12161 | H60: =ABS(C60-G60)/C60 -> 0.13599511 | I60: Ramalan (holdout)
A61: 50 | B61: =EDATE(B60,1) -> 45839 | C61: =Data!D54 -> 375 | G61: =($D$59+(A61-48)*$E$59)*F49 -> 317.08237 | H61: =ABS(C61-G61)/C61 -> 0.154447 | I61: Ramalan (holdout)
A62: 51 | B62: =EDATE(B61,1) -> 45870 | C62: =Data!D55 -> 317 | G62: =($D$59+(A62-48)*$E$59)*F50 -> 300.12467 | H62: =ABS(C62-G62)/C62 -> 0.053234489 | I62: Ramalan (holdout)
A63: 52 | B63: =EDATE(B62,1) -> 45901 | C63: =Data!D56 -> 306 | G63: =($D$59+(A63-48)*$E$59)*F51 -> 308.8716 | H63: =ABS(C63-G63)/C63 -> 0.0093843215 | I63: Ramalan (holdout)
A64: 53 | B64: =EDATE(B63,1) -> 45931 | C64: =Data!D57 -> 285 | G64: =($D$59+(A64-48)*$E$59)*F52 -> 297.66777 | H64: =ABS(C64-G64)/C64 -> 0.044448302 | I64: Ramalan (holdout)
A65: 54 | B65: =EDATE(B64,1) -> 45962 | C65: =Data!D58 -> 311 | G65: =($D$59+(A65-48)*$E$59)*F53 -> 289.14774 | H65: =ABS(C65-G65)/C65 -> 0.070264492 | I65: Ramalan (holdout)
A66: 55 | B66: =EDATE(B65,1) -> 45992 | C66: =Data!D59 -> 364 | G66: =($D$59+(A66-48)*$E$59)*F54 -> 357.57417 | H66: =ABS(C66-G66)/C66 -> 0.017653381 | I66: Ramalan (holdout)
A67: 56 | B67: =EDATE(B66,1) -> 46023 | C67: =Data!D60 -> 343 | G67: =($D$59+(A67-48)*$E$59)*F55 -> 370.13413 | H67: =ABS(C67-G67)/C67 -> 0.079108248 | I67: Ramalan (holdout)
A68: 57 | B68: =EDATE(B67,1) -> 46054 | C68: =Data!D61 -> 336 | G68: =($D$59+(A68-48)*$E$59)*F56 -> 309.54042 | H68: =ABS(C68-G68)/C68 -> 0.078748753 | I68: Ramalan (holdout)
A69: 58 | B69: =EDATE(B68,1) -> 46082 | C69: =Data!D62 -> 405 | G69: =($D$59+(A69-48)*$E$59)*F57 -> 421.73344 | H69: =ABS(C69-G69)/C69 -> 0.041317131 | I69: Ramalan (holdout)
A70: 59 | B70: =EDATE(B69,1) -> 46113 | C70: =Data!D63 -> 322 | G70: =($D$59+(A70-48)*$E$59)*F58 -> 370.03217 | H70: =ABS(C70-G70)/C70 -> 0.14916822 | I70: Ramalan (holdout)
A71: 60 | B71: =EDATE(B70,1) -> 46143 | C71: =Data!D64 -> 295 | G71: =($D$59+(A71-48)*$E$59)*F59 -> 293.41846 | H71: =ABS(C71-G71)/C71 -> 0.0053611652 | I71: Ramalan (holdout)

Sheet TES_NasiGoreng
A1: TRIPLE EXPONENTIAL SMOOTHING (Holt-Winters multiplikatif) - Nasi Goreng Spesial - FINAL (latih semua 60 bulan, ramal 12 bulan ke depan)
A3: alpha (level) | B3: 0.01 | C3: alpha/beta/gamma = hasil optimasi SSE (Python, L-BFGS-B, batas 0,01-0,99) pada data latih t=1..60, dibulatkan 2 desimal. Bisa diganti manual; di Excel bisa dioptimasi dengan Solver pada B9.
A4: beta (tren) | B4: 0.29 | C4: Inisialisasi: L12 = rata-rata musim 1; b12 = (rata-rata musim 2 - rata-rata musim 1)/m; S_t = Y_t/L12 (t=1..12).
A5: gamma (musiman) | B5: 0.8 | C5: F_t=(L_(t-1)+b_(t-1))*S_(t-m); L_t=a*Y_t/S_(t-m)+(1-a)(L_(t-1)+b_(t-1)); b_t=b(L_t-L_(t-1))+(1-b)b_(t-1); S_t=g*Y_t/L_t+(1-g)S_(t-m).
A6: m (panjang musim) | B6: 12 | C6: Ramalan: F_(n+h) = (L_n + h*b_n)*S_(n+h-m), n=60.
A7: MAPE holdout | B7: n/a (lihat sheet _Uji)
A8: MAPE in-sample (t=13..60) | B8: =AVERAGE(H24:H71) -> 0.063164963
A9: SSE in-sample (t=13..60) | B9: =SUMXMY2(C24:C71,G24:G71) -> 29491.337
A11: t | B11: Periode | C11: Aktual (Y) | D11: Level (L) | E11: Tren (b) | F11: Musiman (S) | G11: Fitted / Ramalan | H11: APE | I11: Tahap
A12: 1 | B12: =Data!B5 -> 44348 | C12: =Data!D5 -> 230 | F12: =C12/$D$23 -> 0.86629002 | I12: Inisialisasi
A13: 2 | B13: =Data!B6 -> 44378 | C13: =Data!D6 -> 268 | F13: =C13/$D$23 -> 1.0094162 | I13: Inisialisasi
A14: 3 | B14: =Data!B7 -> 44409 | C14: =Data!D7 -> 220 | F14: =C14/$D$23 -> 0.82862524 | I14: Inisialisasi
A15: 4 | B15: =Data!B8 -> 44440 | C15: =Data!D8 -> 260 | F15: =C15/$D$23 -> 0.97928437 | I15: Inisialisasi
A16: 5 | B16: =Data!B9 -> 44470 | C16: =Data!D9 -> 252 | F16: =C16/$D$23 -> 0.94915254 | I16: Inisialisasi
A17: 6 | B17: =Data!B10 -> 44501 | C17: =Data!D10 -> 241 | F17: =C17/$D$23 -> 0.90772128 | I17: Inisialisasi
A18: 7 | B18: =Data!B11 -> 44531 | C18: =Data!D11 -> 302 | F18: =C18/$D$23 -> 1.1374765 | I18: Inisialisasi
A19: 8 | B19: =Data!B12 -> 44562 | C19: =Data!D12 -> 288 | F19: =C19/$D$23 -> 1.0847458 | I19: Inisialisasi
A20: 9 | B20: =Data!B13 -> 44593 | C20: =Data!D13 -> 244 | F20: =C20/$D$23 -> 0.91902072 | I20: Inisialisasi
A21: 10 | B21: =Data!B14 -> 44621 | C21: =Data!D14 -> 246 | F21: =C21/$D$23 -> 0.92655367 | I21: Inisialisasi
A22: 11 | B22: =Data!B15 -> 44652 | C22: =Data!D15 -> 346 | F22: =C22/$D$23 -> 1.3032015 | I22: Inisialisasi
A23: 12 | B23: =Data!B16 -> 44682 | C23: =Data!D16 -> 289 | D23: =AVERAGE(C12:C23) -> 265.5 | E23: =(AVERAGE(C24:C35)-AVERAGE(C12:C23))/$B$6 -> 0.84027778 | F23: =C23/$D$23 -> 1.0885122 | I23: Inisialisasi
A24: 13 | B24: =Data!B17 -> 44713 | C24: =Data!D17 -> 251 | D24: =$B$3*(C24/F12)+(1-$B$3)*(D23+E23) -> 266.57429 | E24: =$B$4*(D24-D23)+(1-$B$4)*E23 -> 0.90814075 | F24: =$B$5*(C24/D24)+(1-$B$5)*F12 -> 0.92651895 | G24: =(D23+E23)*F12 -> 230.72792 | H24: =ABS(C24-G24)/C24 -> 0.080765242 | I24: Smoothing
A25: 14 | B25: =Data!B18 -> 44743 | C25: =Data!D18 -> 277 | D25: =$B$3*(C25/F13)+(1-$B$3)*(D24+E24) -> 267.55176 | E25: =$B$4*(D25-D24)+(1-$B$4)*E24 -> 0.92824824 | F25: =$B$5*(C25/D25)+(1-$B$5)*F13 -> 1.0301342 | G25: =(D24+E24)*F13 -> 270.0011 | H25: =ABS(C25-G25)/C25 -> 0.025266802 | I25: Smoothing
A26: 15 | B26: =Data!B19 -> 44774 | C26: =Data!D19 -> 256 | D26: =$B$3*(C26/F14)+(1-$B$3)*(D25+E25) -> 268.88467 | E26: =$B$4*(D26-D25)+(1-$B$4)*E25 -> 1.045598 | F26: =$B$5*(C26/D26)+(1-$B$5)*F14 -> 0.9273899 | G26: =(D25+E25)*F14 -> 222.46931 | H26: =ABS(C26-G26)/C26 -> 0.13097924 | I26: Smoothing
A27: 16 | B27: =Data!B20 -> 44805 | C27: =Data!D20 -> 247 | D27: =$B$3*(C27/F15)+(1-$B$3)*(D26+E26) -> 269.75321 | E27: =$B$4*(D27-D26)+(1-$B$4)*E26 -> 0.99425275 | F27: =$B$5*(C27/D27)+(1-$B$5)*F15 -> 0.92837827 | G27: =(D26+E26)*F15 -> 264.33849 | H27: =ABS(C27-G27)/C27 -> 0.070196315 | I27: Smoothing
A28: 17 | B28: =Data!B21 -> 44835 | C28: =Data!D21 -> 250 | D28: =$B$3*(C28/F16)+(1-$B$3)*(D27+E27) -> 270.67392 | E28: =$B$4*(D28-D27)+(1-$B$4)*E27 -> 0.97292439 | F28: =$B$5*(C28/D28)+(1-$B$5)*F16 -> 0.92872696 | G28: =(D27+E27)*F16 -> 256.98065 | H28: =ABS(C28-G28)/C28 -> 0.027922582 | I28: Smoothing
A29: 18 | B29: =Data!B22 -> 44866 | C29: =Data!D22 -> 264 | D29: =$B$3*(C29/F17)+(1-$B$3)*(D28+E28) -> 271.83876 | E29: =$B$4*(D29-D28)+(1-$B$4)*E28 -> 1.0285792 | F29: =$B$5*(C29/D29)+(1-$B$5)*F17 -> 0.95847541 | G29: =(D28+E28)*F17 -> 246.57962 | H29: =ABS(C29-G29)/C29 -> 0.065986284 | I29: Smoothing
A30: 19 | B30: =Data!B23 -> 44896 | C30: =Data!D23 -> 320 | D30: =$B$3*(C30/F18)+(1-$B$3)*(D29+E29) -> 272.95191 | E30: =$B$4*(D30-D29)+(1-$B$4)*E29 -> 1.053105 | F30: =$B$5*(C30/D30)+(1-$B$5)*F18 -> 1.1653894 | G30: =(D29+E29)*F18 -> 310.38017 | H30: =ABS(C30-G30)/C30 -> 0.030061963 | I30: Smoothing
A31: 20 | B31: =Data!B24 -> 44927 | C31: =Data!D24 -> 278 | D31: =$B$3*(C31/F19)+(1-$B$3)*(D30+E30) -> 273.82778 | E31: =$B$4*(D31-D30)+(1-$B$4)*E30 -> 1.0017061 | F31: =$B$5*(C31/D31)+(1-$B$5)*F19 -> 1.0291385 | G31: =(D30+E30)*F19 -> 297.22578 | H31: =ABS(C31-G31)/C31 -> 0.069157472 | I31: Smoothing
A32: 21 | B32: =Data!B25 -> 44958 | C32: =Data!D25 -> 254 | D32: =$B$3*(C32/F20)+(1-$B$3)*(D31+E31) -> 274.845 | E32: =$B$4*(D32-D31)+(1-$B$4)*E31 -> 1.0062059 | F32: =$B$5*(C32/D32)+(1-$B$5)*F20 -> 0.92312995 | G32: =(D31+E31)*F20 -> 252.57399 | H32: =ABS(C32-G32)/C32 -> 0.0056142244 | I32: Smoothing
A33: 22 | B33: =Data!B26 -> 44986 | C33: =Data!D26 -> 297 | D33: =$B$3*(C33/F21)+(1-$B$3)*(D32+E32) -> 276.29812 | E33: =$B$4*(D33-D32)+(1-$B$4)*E32 -> 1.1358112 | F33: =$B$5*(C33/D33)+(1-$B$5)*F21 -> 1.0452514 | G33: =(D32+E32)*F21 -> 255.59095 | H33: =ABS(C33-G33)/C33 -> 0.13942442 | I33: Smoothing
A34: 23 | B34: =Data!B27 -> 45017 | C34: =Data!D27 -> 352 | D34: =$B$3*(C34/F22)+(1-$B$3)*(D33+E33) -> 277.36063 | E34: =$B$4*(D34-D33)+(1-$B$4)*E33 -> 1.1145546 | F34: =$B$5*(C34/D34)+(1-$B$5)*F22 -> 1.275925 | G34: =(D33+E33)*F22 -> 361.55232 | H34: =ABS(C34-G34)/C34 -> 0.027137261 | I34: Smoothing
A35: 24 | B35: =Data!B28 -> 45047 | C35: =Data!D28 -> 261 | D35: =$B$3*(C35/F23)+(1-$B$3)*(D34+E34) -> 278.0882 | E35: =$B$4*(D35-D34)+(1-$B$4)*E34 -> 1.0023293 | F35: =$B$5*(C35/D35)+(1-$B$5)*F23 -> 0.96854336 | G35: =(D34+E34)*F23 -> 303.12365 | H35: =ABS(C35-G35)/C35 -> 0.16139329 | I35: Smoothing
... A71: 60 | B71: =Data!B64 -> 46143 | C71: =Data!D64 -> 295 | D71: =$B$3*(C71/F59)+(1-$B$3)*(D70+E70) -> 327.65597 | E71: =$B$4*(D71-D70)+(1-$B$4)*E70 -> 1.457198 | F71: =$B$5*(C71/D71)+(1-$B$5)*F59 -> 0.90334453 | G71: =(D70+E70)*F59 -> 299.98093 | H71: =ABS(C71-G71)/C71 -> 0.016884502 | I71: Smoothing
A72: 61 | B72: =EDATE(B71,1) -> 46174 | G72: =($D$71+(A72-60)*$E$71)*F60 -> 341.125 | I72: Ramalan
A73: 62 | B73: =EDATE(B72,1) -> 46204 | G73: =($D$71+(A73-60)*$E$71)*F61 -> 386.0402 | I73: Ramalan
A74: 63 | B74: =EDATE(B73,1) -> 46235 | G74: =($D$71+(A74-60)*$E$71)*F62 -> 331.63378 | I74: Ramalan
A75: 64 | B75: =EDATE(B74,1) -> 46266 | G75: =($D$71+(A75-60)*$E$71)*F63 -> 324.53001 | I75: Ramalan
A76: 65 | B76: =EDATE(B75,1) -> 46296 | G76: =($D$71+(A76-60)*$E$71)*F64 -> 303.79482 | I76: Ramalan
A77: 66 | B77: =EDATE(B76,1) -> 46327 | G77: =($D$71+(A77-60)*$E$71)*F65 -> 324.53717 | I77: Ramalan
A78: 67 | B78: =EDATE(B77,1) -> 46357 | G78: =($D$71+(A78-60)*$E$71)*F66 -> 383.20676 | I78: Ramalan
A79: 68 | B79: =EDATE(B78,1) -> 46388 | G79: =($D$71+(A79-60)*$E$71)*F67 -> 367.82917 | I79: Ramalan
A80: 69 | B80: =EDATE(B79,1) -> 46419 | G80: =($D$71+(A80-60)*$E$71)*F68 -> 348.99643 | I80: Ramalan
A81: 70 | B81: =EDATE(B80,1) -> 46447 | G81: =($D$71+(A81-60)*$E$71)*F69 -> 429.56257 | I81: Ramalan
A82: 71 | B82: =EDATE(B81,1) -> 46478 | G82: =($D$71+(A82-60)*$E$71)*F70 -> 350.15285 | I82: Ramalan
A83: 72 | B83: =EDATE(B82,1) -> 46508 | G83: =($D$71+(A83-60)*$E$71)*F71 -> 311.78245 | I83: Ramalan

Sheet TES_MieGoreng_Uji
A1: TRIPLE EXPONENTIAL SMOOTHING (Holt-Winters multiplikatif) - Mie Goreng Spesial - UJI (latih t=1..48, uji t=49..60)
A3: alpha (level) | B3: 0.01 | C3: alpha/beta/gamma = hasil optimasi SSE (Python, L-BFGS-B, batas 0,01-0,99) pada data latih t=1..48, dibulatkan 2 desimal. Bisa diganti manual; di Excel bisa dioptimasi dengan Solver pada B9.
A4: beta (tren) | B4: 0.01 | C4: Inisialisasi: L12 = rata-rata musim 1; b12 = (rata-rata musim 2 - rata-rata musim 1)/m; S_t = Y_t/L12 (t=1..12).
A5: gamma (musiman) | B5: 0.99 | C5: F_t=(L_(t-1)+b_(t-1))*S_(t-m); L_t=a*Y_t/S_(t-m)+(1-a)(L_(t-1)+b_(t-1)); b_t=b(L_t-L_(t-1))+(1-b)b_(t-1); S_t=g*Y_t/L_t+(1-g)S_(t-m).
A6: m (panjang musim) | B6: 12 | C6: Ramalan: F_(n+h) = (L_n + h*b_n)*S_(n+h-m), n=48. Baris ramalan dibandingkan dengan aktual (holdout).
A7: MAPE holdout (t=49..60) | B7: =AVERAGE(H60:H71) -> 0.085236323
A8: MAPE in-sample (t=13..48) | B8: =AVERAGE(H24:H59) -> 0.052046581
A9: SSE in-sample (t=13..48) | B9: =SUMXMY2(C24:C59,G24:G59) -> 11571.017
A11: t | B11: Periode | C11: Aktual (Y) | D11: Level (L) | E11: Tren (b) | F11: Musiman (S) | G11: Fitted / Ramalan | H11: APE | I11: Tahap
A12: 1 | B12: =Data!B5 -> 44348 | C12: =Data!E5 -> 221 | F12: =C12/$D$23 -> 0.95053763 | I12: Inisialisasi
A13: 2 | B13: =Data!B6 -> 44378 | C13: =Data!E6 -> 238 | F13: =C13/$D$23 -> 1.0236559 | I13: Inisialisasi
A14: 3 | B14: =Data!B7 -> 44409 | C14: =Data!E7 -> 222 | F14: =C14/$D$23 -> 0.95483871 | I14: Inisialisasi
A15: 4 | B15: =Data!B8 -> 44440 | C15: =Data!E8 -> 204 | F15: =C15/$D$23 -> 0.87741935 | I15: Inisialisasi
A16: 5 | B16: =Data!B9 -> 44470 | C16: =Data!E9 -> 221 | F16: =C16/$D$23 -> 0.95053763 | I16: Inisialisasi
A17: 6 | B17: =Data!B10 -> 44501 | C17: =Data!E10 -> 225 | F17: =C17/$D$23 -> 0.96774194 | I17: Inisialisasi
A18: 7 | B18: =Data!B11 -> 44531 | C18: =Data!E11 -> 278 | F18: =C18/$D$23 -> 1.1956989 | I18: Inisialisasi
A19: 8 | B19: =Data!B12 -> 44562 | C19: =Data!E12 -> 245 | F19: =C19/$D$23 -> 1.0537634 | I19: Inisialisasi
A20: 9 | B20: =Data!B13 -> 44593 | C20: =Data!E13 -> 179 | F20: =C20/$D$23 -> 0.76989247 | I20: Inisialisasi
A21: 10 | B21: =Data!B14 -> 44621 | C21: =Data!E14 -> 223 | F21: =C21/$D$23 -> 0.95913978 | I21: Inisialisasi
A22: 11 | B22: =Data!B15 -> 44652 | C22: =Data!E15 -> 293 | F22: =C22/$D$23 -> 1.2602151 | I22: Inisialisasi
A23: 12 | B23: =Data!B16 -> 44682 | C23: =Data!E16 -> 241 | D23: =AVERAGE(C12:C23) -> 232.5 | E23: =(AVERAGE(C24:C35)-AVERAGE(C12:C23))/$B$6 -> 0.80555556 | F23: =C23/$D$23 -> 1.0365591 | I23: Inisialisasi
A24: 13 | B24: =Data!B17 -> 44713 | C24: =Data!E17 -> 228 | D24: =$B$3*(C24/F12)+(1-$B$3)*(D23+E23) -> 233.37114 | E24: =$B$4*(D24-D23)+(1-$B$4)*E23 -> 0.80621143 | F24: =$B$5*(C24/D24)+(1-$B$5)*F12 -> 0.97672008 | G24: =(D23+E23)*F12 -> 221.76571 | H24: =ABS(C24-G24)/C24 -> 0.027343373 | I24: Smoothing
A25: 14 | B25: =Data!B18 -> 44743 | C25: =Data!E18 -> 245 | D25: =$B$3*(C25/F13)+(1-$B$3)*(D24+E24) -> 234.22896 | E25: =$B$4*(D25-D24)+(1-$B$4)*E24 -> 0.80672751 | F25: =$B$5*(C25/D25)+(1-$B$5)*F13 -> 1.0457618 | G25: =(D24+E24)*F13 -> 239.71703 | H25: =ABS(C25-G25)/C25 -> 0.021563129 | I25: Smoothing
A26: 15 | B26: =Data!B19 -> 44774 | C26: =Data!E19 -> 223 | D26: =$B$3*(C26/F14)+(1-$B$3)*(D25+E25) -> 235.02081 | E26: =$B$4*(D26-D25)+(1-$B$4)*E25 -> 0.80657867 | F26: =$B$5*(C26/D26)+(1-$B$5)*F14 -> 0.94891203 | G26: =(D25+E25)*F14 -> 224.42118 | H26: =ABS(C26-G26)/C26 -> 0.0063729831 | I26: Smoothing
A27: 16 | B27: =Data!B20 -> 44805 | C27: =Data!E20 -> 206 | D27: =$B$3*(C27/F15)+(1-$B$3)*(D26+E26) -> 235.81691 | E27: =$B$4*(D27-D26)+(1-$B$4)*E26 -> 0.80647388 | F27: =$B$5*(C27/D27)+(1-$B$5)*F15 -> 0.87359769 | G27: =(D26+E26)*F15 -> 206.91951 | H27: =ABS(C27-G27)/C27 -> 0.0044636506 | I27: Smoothing
A28: 17 | B28: =Data!B21 -> 44835 | C28: =Data!E21 -> 207 | D28: =$B$3*(C28/F16)+(1-$B$3)*(D27+E27) -> 236.43486 | E28: =$B$4*(D28-D27)+(1-$B$4)*E27 -> 0.80458869 | F28: =$B$5*(C28/D28)+(1-$B$5)*F16 -> 0.87625574 | G28: =(D27+E27)*F16 -> 224.91943 | H28: =ABS(C28-G28)/C28 -> 0.086567281 | I28: Smoothing
A29: 18 | B29: =Data!B22 -> 44866 | C29: =Data!E22 -> 228 | D29: =$B$3*(C29/F17)+(1-$B$3)*(D28+E28) -> 237.22305 | E29: =$B$4*(D29-D28)+(1-$B$4)*E28 -> 0.80442474 | F29: =$B$5*(C29/D29)+(1-$B$5)*F17 -> 0.96118696 | G29: =(D28+E28)*F17 -> 229.58656 | H29: =ABS(C29-G29)/C29 -> 0.0069586121 | I29: Smoothing
A30: 19 | B30: =Data!B23 -> 44896 | C30: =Data!E23 -> 282 | D30: =$B$3*(C30/F18)+(1-$B$3)*(D29+E29) -> 238.00566 | E30: =$B$4*(D30-D29)+(1-$B$4)*E29 -> 0.80420653 | F30: =$B$5*(C30/D30)+(1-$B$5)*F18 -> 1.1849543 | G30: =(D29+E29)*F18 -> 284.6092 | H30: =ABS(C30-G30)/C30 -> 0.0092524858 | I30: Smoothing
A31: 20 | B31: =Data!B24 -> 44927 | C31: =Data!E24 -> 261 | D31: =$B$3*(C31/F19)+(1-$B$3)*(D30+E30) -> 238.8986 | E31: =$B$4*(D31-D30)+(1-$B$4)*E30 -> 0.80509391 | F31: =$B$5*(C31/D31)+(1-$B$5)*F19 -> 1.0921262 | G31: =(D30+E30)*F19 -> 251.6491 | H31: =ABS(C31-G31)/C31 -> 0.035827187 | I31: Smoothing
A32: 21 | B32: =Data!B25 -> 44958 | C32: =Data!E25 -> 228 | D32: =$B$3*(C32/F20)+(1-$B$3)*(D31+E31) -> 240.26811 | E32: =$B$4*(D32-D31)+(1-$B$4)*E31 -> 0.81073806 | F32: =$B$5*(C32/D32)+(1-$B$5)*F20 -> 0.94714943 | G32: =(D31+E31)*F20 -> 184.54607 | H32: =ABS(C32-G32)/C32 -> 0.19058741 | I32: Smoothing
A33: 22 | B33: =Data!B26 -> 44986 | C33: =Data!E26 -> 256 | D33: =$B$3*(C33/F21)+(1-$B$3)*(D32+E32) -> 241.33712 | E33: =$B$4*(D33-D32)+(1-$B$4)*E32 -> 0.81332076 | F33: =$B$5*(C33/D33)+(1-$B$5)*F21 -> 1.0597407 | G33: =(D32+E32)*F21 -> 231.22832 | H33: =ABS(C33-G33)/C33 -> 0.09676439 | I33: Smoothing
A34: 23 | B34: =Data!B27 -> 45017 | C34: =Data!E27 -> 311 | D34: =$B$3*(C34/F22)+(1-$B$3)*(D33+E33) -> 242.19677 | E34: =$B$4*(D34-D33)+(1-$B$4)*E33 -> 0.81378405 | F34: =$B$5*(C34/D34)+(1-$B$5)*F22 -> 1.2838412 | G34: =(D33+E33)*F22 -> 305.16163 | H34: =ABS(C34-G34)/C34 -> 0.018772893 | I34: Smoothing
A35: 24 | B35: =Data!B28 -> 45047 | C35: =Data!E28 -> 231 | D35: =$B$3*(C35/F23)+(1-$B$3)*(D34+E34) -> 242.80897 | E35: =$B$4*(D35-D34)+(1-$B$4)*E34 -> 0.81176826 | F35: =$B$5*(C35/D35)+(1-$B$5)*F23 -> 0.95221711 | G35: =(D34+E34)*F23 -> 251.89481 | H35: =ABS(C35-G35)/C35 -> 0.090453721 | I35: Smoothing
... A59: 48 | B59: =Data!B52 -> 45778 | C59: =Data!E52 -> 243 | D59: =$B$3*(C59/F47)+(1-$B$3)*(D58+E58) -> 261.88264 | E59: =$B$4*(D59-D58)+(1-$B$4)*E58 -> 0.80737217 | F59: =$B$5*(C59/D59)+(1-$B$5)*F47 -> 0.92813931 | G59: =(D58+E58)*F47 -> 249.42191 | H59: =ABS(C59-G59)/C59 -> 0.026427605 | I59: Smoothing
A60: 49 | B60: =EDATE(B59,1) -> 45809 | C60: =Data!E53 -> 239 | G60: =($D$59+(A60-48)*$E$59)*F48 -> 241.2462 | H60: =ABS(C60-G60)/C60 -> 0.0093983232 | I60: Ramalan (holdout)
A61: 50 | B61: =EDATE(B60,1) -> 45839 | C61: =Data!E54 -> 277 | G61: =($D$59+(A61-48)*$E$59)*F49 -> 267.35743 | H61: =ABS(C61-G61)/C61 -> 0.03481074 | I61: Ramalan (holdout)
A62: 51 | B62: =EDATE(B61,1) -> 45870 | C62: =Data!E55 -> 252 | G62: =($D$59+(A62-48)*$E$59)*F50 -> 233.16811 | H62: =ABS(C62-G62)/C62 -> 0.074729736 | I62: Ramalan (holdout)
A63: 52 | B63: =EDATE(B62,1) -> 45901 | C63: =Data!E56 -> 278 | G63: =($D$59+(A63-48)*$E$59)*F51 -> 239.64528 | H63: =ABS(C63-G63)/C63 -> 0.13796663 | I63: Ramalan (holdout)
A64: 53 | B64: =EDATE(B63,1) -> 45931 | C64: =Data!E57 -> 278 | G64: =($D$59+(A64-48)*$E$59)*F52 -> 235.70903 | H64: =ABS(C64-G64)/C64 -> 0.1521258 | I64: Ramalan (holdout)
A65: 54 | B65: =EDATE(B64,1) -> 45962 | C65: =Data!E58 -> 278 | G65: =($D$59+(A65-48)*$E$59)*F53 -> 248.00784 | H65: =ABS(C65-G65)/C65 -> 0.10788547 | I65: Ramalan (holdout)
A66: 55 | B66: =EDATE(B65,1) -> 45992 | C66: =Data!E59 -> 360 | G66: =($D$59+(A66-48)*$E$59)*F54 -> 311.16657 | H66: =ABS(C66-G66)/C66 -> 0.13564843 | I66: Ramalan (holdout)
A67: 56 | B67: =EDATE(B66,1) -> 46023 | C67: =Data!E60 -> 282 | G67: =($D$59+(A67-48)*$E$59)*F55 -> 288.50889 | H67: =ABS(C67-G67)/C67 -> 0.023081162 | I67: Ramalan (holdout)
A68: 57 | B68: =EDATE(B67,1) -> 46054 | C68: =Data!E61 -> 307 | G68: =($D$59+(A68-48)*$E$59)*F56 -> 263.54036 | H68: =ABS(C68-G68)/C68 -> 0.14156236 | I68: Ramalan (holdout)
A69: 58 | B69: =EDATE(B68,1) -> 46082 | C69: =Data!E62 -> 362 | G69: =($D$59+(A69-48)*$E$59)*F57 -> 347.50843 | H69: =ABS(C69-G69)/C69 -> 0.040031949 | I69: Ramalan (holdout)
A70: 59 | B70: =EDATE(B69,1) -> 46113 | C70: =Data!E63 -> 270 | G70: =($D$59+(A70-48)*$E$59)*F58 -> 276.19056 | H70: =ABS(C70-G70)/C70 -> 0.022928002 | I70: Ramalan (holdout)
A71: 60 | B71: =EDATE(B70,1) -> 46143 | C71: =Data!E64 -> 294 | G71: =($D$59+(A71-48)*$E$59)*F59 -> 252.05582 | H71: =ABS(C71-G71)/C71 -> 0.14266727 | I71: Ramalan (holdout)

Sheet TES_MieGoreng
A1: TRIPLE EXPONENTIAL SMOOTHING (Holt-Winters multiplikatif) - Mie Goreng Spesial - FINAL (latih semua 60 bulan, ramal 12 bulan ke depan)
A3: alpha (level) | B3: 0.14 | C3: alpha/beta/gamma = hasil optimasi SSE (Python, L-BFGS-B, batas 0,01-0,99) pada data latih t=1..60, dibulatkan 2 desimal. Bisa diganti manual; di Excel bisa dioptimasi dengan Solver pada B9.
A4: beta (tren) | B4: 0.01 | C4: Inisialisasi: L12 = rata-rata musim 1; b12 = (rata-rata musim 2 - rata-rata musim 1)/m; S_t = Y_t/L12 (t=1..12).
A5: gamma (musiman) | B5: 0.99 | C5: F_t=(L_(t-1)+b_(t-1))*S_(t-m); L_t=a*Y_t/S_(t-m)+(1-a)(L_(t-1)+b_(t-1)); b_t=b(L_t-L_(t-1))+(1-b)b_(t-1); S_t=g*Y_t/L_t+(1-g)S_(t-m).
A6: m (panjang musim) | B6: 12 | C6: Ramalan: F_(n+h) = (L_n + h*b_n)*S_(n+h-m), n=60.
A7: MAPE holdout | B7: n/a (lihat sheet _Uji)
A8: MAPE in-sample (t=13..60) | B8: =AVERAGE(H24:H71) -> 0.057760899
A9: SSE in-sample (t=13..60) | B9: =SUMXMY2(C24:C71,G24:G71) -> 18838.16
A11: t | B11: Periode | C11: Aktual (Y) | D11: Level (L) | E11: Tren (b) | F11: Musiman (S) | G11: Fitted / Ramalan | H11: APE | I11: Tahap
A12: 1 | B12: =Data!B5 -> 44348 | C12: =Data!E5 -> 221 | F12: =C12/$D$23 -> 0.95053763 | I12: Inisialisasi
A13: 2 | B13: =Data!B6 -> 44378 | C13: =Data!E6 -> 238 | F13: =C13/$D$23 -> 1.0236559 | I13: Inisialisasi
A14: 3 | B14: =Data!B7 -> 44409 | C14: =Data!E7 -> 222 | F14: =C14/$D$23 -> 0.95483871 | I14: Inisialisasi
A15: 4 | B15: =Data!B8 -> 44440 | C15: =Data!E8 -> 204 | F15: =C15/$D$23 -> 0.87741935 | I15: Inisialisasi
A16: 5 | B16: =Data!B9 -> 44470 | C16: =Data!E9 -> 221 | F16: =C16/$D$23 -> 0.95053763 | I16: Inisialisasi
A17: 6 | B17: =Data!B10 -> 44501 | C17: =Data!E10 -> 225 | F17: =C17/$D$23 -> 0.96774194 | I17: Inisialisasi
A18: 7 | B18: =Data!B11 -> 44531 | C18: =Data!E11 -> 278 | F18: =C18/$D$23 -> 1.1956989 | I18: Inisialisasi
A19: 8 | B19: =Data!B12 -> 44562 | C19: =Data!E12 -> 245 | F19: =C19/$D$23 -> 1.0537634 | I19: Inisialisasi
A20: 9 | B20: =Data!B13 -> 44593 | C20: =Data!E13 -> 179 | F20: =C20/$D$23 -> 0.76989247 | I20: Inisialisasi
A21: 10 | B21: =Data!B14 -> 44621 | C21: =Data!E14 -> 223 | F21: =C21/$D$23 -> 0.95913978 | I21: Inisialisasi
A22: 11 | B22: =Data!B15 -> 44652 | C22: =Data!E15 -> 293 | F22: =C22/$D$23 -> 1.2602151 | I22: Inisialisasi
A23: 12 | B23: =Data!B16 -> 44682 | C23: =Data!E16 -> 241 | D23: =AVERAGE(C12:C23) -> 232.5 | E23: =(AVERAGE(C24:C35)-AVERAGE(C12:C23))/$B$6 -> 0.80555556 | F23: =C23/$D$23 -> 1.0365591 | I23: Inisialisasi
A24: 13 | B24: =Data!B17 -> 44713 | C24: =Data!E17 -> 228 | D24: =$B$3*(C24/F12)+(1-$B$3)*(D23+E23) -> 234.22377 | E24: =$B$4*(D24-D23)+(1-$B$4)*E23 -> 0.81473773 | F24: =$B$5*(C24/D24)+(1-$B$5)*F12 -> 0.97319918 | G24: =(D23+E23)*F12 -> 221.76571 | H24: =ABS(C24-G24)/C24 -> 0.027343373 | I24: Smoothing
A25: 14 | B25: =Data!B18 -> 44743 | C25: =Data!E18 -> 245 | D25: =$B$3*(C25/F13)+(1-$B$3)*(D24+E24) -> 235.64047 | E25: =$B$4*(D25-D24)+(1-$B$4)*E24 -> 0.82075735 | F25: =$B$5*(C25/D25)+(1-$B$5)*F13 -> 1.0395589 | G25: =(D24+E24)*F13 -> 240.59856 | H25: =ABS(C25-G25)/C25 -> 0.017965054 | I25: Smoothing
A26: 15 | B26: =Data!B19 -> 44774 | C26: =Data!E19 -> 223 | D26: =$B$3*(C26/F14)+(1-$B$3)*(D25+E25) -> 236.05328 | E26: =$B$4*(D26-D25)+(1-$B$4)*E25 -> 0.81667784 | F26: =$B$5*(C26/D26)+(1-$B$5)*F14 -> 0.94480335 | G26: =(D25+E25)*F14 -> 225.78234 | H26: =ABS(C26-G26)/C26 -> 0.012476841 | I26: Smoothing
A27: 16 | B27: =Data!B20 -> 44805 | C27: =Data!E20 -> 206 | D27: =$B$3*(C27/F15)+(1-$B$3)*(D26+E26) -> 236.57728 | E27: =$B$4*(D27-D26)+(1-$B$4)*E26 -> 0.81375108 | F27: =$B$5*(C27/D27)+(1-$B$5)*F15 -> 0.87081809 | G27: =(D26+E26)*F15 -> 207.83428 | H27: =ABS(C27-G27)/C27 -> 0.0089042955 | I27: Smoothing
A28: 17 | B28: =Data!B21 -> 44835 | C28: =Data!E21 -> 207 | D28: =$B$3*(C28/F16)+(1-$B$3)*(D27+E27) -> 234.6443 | E28: =$B$4*(D28-D27)+(1-$B$4)*E27 -> 0.78628372 | F28: =$B$5*(C28/D28)+(1-$B$5)*F16 -> 0.88286988 | G28: =(D27+E27)*F16 -> 225.64911 | H28: =ABS(C28-G28)/C28 -> 0.090092318 | I28: Smoothing
A29: 18 | B29: =Data!B22 -> 44866 | C29: =Data!E22 -> 228 | D29: =$B$3*(C29/F17)+(1-$B$3)*(D28+E28) -> 235.4543 | E29: =$B$4*(D29-D28)+(1-$B$4)*E28 -> 0.78652091 | F29: =$B$5*(C29/D29)+(1-$B$5)*F17 -> 0.96833479 | G29: =(D28+E28)*F17 -> 227.83605 | H29: =ABS(C29-G29)/C29 -> 0.00071909975 | I29: Smoothing
A30: 19 | B30: =Data!B23 -> 44896 | C30: =Data!E23 -> 282 | D30: =$B$3*(C30/F18)+(1-$B$3)*(D29+E29) -> 236.18545 | E30: =$B$4*(D30-D29)+(1-$B$4)*E29 -> 0.78596722 | F30: =$B$5*(C30/D30)+(1-$B$5)*F18 -> 1.1939942 | G30: =(D29+E29)*F18 -> 282.47289 | H30: =ABS(C30-G30)/C30 -> 0.0016769298 | I30: Smoothing
A31: 20 | B31: =Data!B24 -> 44927 | C31: =Data!E24 -> 261 | D31: =$B$3*(C31/F19)+(1-$B$3)*(D30+E30) -> 238.47113 | E31: =$B$4*(D31-D30)+(1-$B$4)*E30 -> 0.80096438 | F31: =$B$5*(C31/D31)+(1-$B$5)*F19 -> 1.094065 | G31: =(D30+E30)*F19 -> 249.71182 | H31: =ABS(C31-G31)/C31 -> 0.043249746 | I31: Smoothing
A32: 21 | B32: =Data!B25 -> 44958 | C32: =Data!E25 -> 228 | D32: =$B$3*(C32/F20)+(1-$B$3)*(D31+E31) -> 247.23434 | E32: =$B$4*(D32-D31)+(1-$B$4)*E31 -> 0.88058679 | F32: =$B$5*(C32/D32)+(1-$B$5)*F20 -> 0.9206789 | G32: =(D31+E31)*F20 -> 184.21379 | H32: =ABS(C32-G32)/C32 -> 0.19204479 | I32: Smoothing
A33: 22 | B33: =Data!B26 -> 44986 | C33: =Data!E26 -> 256 | D33: =$B$3*(C33/F21)+(1-$B$3)*(D32+E32) -> 250.74565 | E33: =$B$4*(D33-D32)+(1-$B$4)*E32 -> 0.90689406 | F33: =$B$5*(C33/D33)+(1-$B$5)*F21 -> 1.0203367 | G33: =(D32+E32)*F21 -> 237.9769 | H33: =ABS(C33-G33)/C33 -> 0.070402747 | I33: Smoothing
A34: 23 | B34: =Data!B27 -> 45017 | C34: =Data!E27 -> 311 | D34: =$B$3*(C34/F22)+(1-$B$3)*(D33+E33) -> 250.97085 | E34: =$B$4*(D34-D33)+(1-$B$4)*E33 -> 0.90007708 | F34: =$B$5*(C34/D34)+(1-$B$5)*F22 -> 1.239398 | G34: =(D33+E33)*F22 -> 317.13633 | H34: =ABS(C34-G34)/C34 -> 0.019730957 | I34: Smoothing
A35: 24 | B35: =Data!B28 -> 45047 | C35: =Data!E28 -> 231 | D35: =$B$3*(C35/F23)+(1-$B$3)*(D34+E34) -> 247.80837 | E35: =$B$4*(D35-D34)+(1-$B$4)*E34 -> 0.85945156 | F35: =$B$5*(C35/D35)+(1-$B$5)*F23 -> 0.93321576 | G35: =(D34+E34)*F23 -> 261.07911 | H35: =ABS(C35-G35)/C35 -> 0.1302126 | I35: Smoothing
... A71: 60 | B71: =Data!B64 -> 46143 | C71: =Data!E64 -> 294 | D71: =$B$3*(C71/F59)+(1-$B$3)*(D70+E70) -> 293.80709 | E71: =$B$4*(D71-D70)+(1-$B$4)*E70 -> 1.0060793 | F71: =$B$5*(C71/D71)+(1-$B$5)*F59 -> 0.99985653 | G71: =(D70+E70)*F59 -> 266.66722 | H71: =ABS(C71-G71)/C71 -> 0.092968627 | I71: Smoothing
A72: 61 | B72: =EDATE(B71,1) -> 46174 | G72: =($D$71+(A72-60)*$E$71)*F60 -> 266.11819 | I72: Ramalan
A73: 62 | B73: =EDATE(B72,1) -> 46204 | G73: =($D$71+(A73-60)*$E$71)*F61 -> 306.86205 | I73: Ramalan
A74: 63 | B74: =EDATE(B73,1) -> 46235 | G74: =($D$71+(A74-60)*$E$71)*F62 -> 276.44914 | I74: Ramalan
A75: 64 | B75: =EDATE(B74,1) -> 46266 | G75: =($D$71+(A75-60)*$E$71)*F63 -> 299.47487 | I75: Ramalan
A76: 65 | B76: =EDATE(B75,1) -> 46296 | G76: =($D$71+(A76-60)*$E$71)*F64 -> 294.54847 | I76: Ramalan
A77: 66 | B77: =EDATE(B76,1) -> 46327 | G77: =($D$71+(A77-60)*$E$71)*F65 -> 292.66506 | I77: Ramalan
A78: 67 | B78: =EDATE(B77,1) -> 46357 | G78: =($D$71+(A78-60)*$E$71)*F66 -> 374.6557 | I78: Ramalan
A79: 68 | B79: =EDATE(B78,1) -> 46388 | G79: =($D$71+(A79-60)*$E$71)*F67 -> 298.01099 | I79: Ramalan
A80: 69 | B80: =EDATE(B79,1) -> 46419 | G80: =($D$71+(A80-60)*$E$71)*F68 -> 319.73216 | I80: Ramalan
A81: 70 | B81: =EDATE(B80,1) -> 46447 | G81: =($D$71+(A81-60)*$E$71)*F69 -> 377.80868 | I81: Ramalan
A82: 71 | B82: =EDATE(B81,1) -> 46478 | G82: =($D$71+(A82-60)*$E$71)*F70 -> 285.36886 | I82: Ramalan
A83: 72 | B83: =EDATE(B82,1) -> 46508 | G83: =($D$71+(A83-60)*$E$71)*F71 -> 305.83616 | I83: Ramalan

Sheet Census_NasiGoreng_Uji
A1: DEKOMPOSISI CENSUS II (X-11 sederhana, multiplikatif) - Nasi Goreng Spesial - UJI (latih t=1..48, uji t=49..60)
A3: Slope tren (per bulan) | B3: =SLOPE(AB18:AB53,A18:A53) -> 1.2410472 | C3: Langkah: (1) tren awal = MA 2x12; (2) SI = Y/tren; (3) musiman awal = filter 3x3 pada SI per bulan kalender, dinormalisasi MA 2x12; (4) Y disesuaikan = Y/S;
A4: Intersep tren | B4: =INTERCEPT(AB18:AB53,A18:A53) -> 255.68425 | C4: (5) tren = Henderson 13 pada Y disesuaikan; (6) ulangi dengan filter 3x5 -> S final & tren final; (7) tren diekstrapolasi linear (SLOPE/INTERCEPT atas tren Henderson).
A5: MAPE holdout (t=49..60) | B5: =AVERAGE(AF60:AF71) -> 0.072807005 | C5: Fitted/Ramalan = tren linear x S final (bulan ke depan memakai S bulan kalender yang sama). Di ujung data, bobot filter yang tidak tersedia dibuang & sisanya dinormalisasi ulang.
A6: t pertama tren tersedia | B6: 7 | C6: Kolom kosong = nilai belum tersedia (tepi data). Bobot filter di sheet Bobot_Filter.
A7: t terakhir tren tersedia | B7: =B8-6 -> 42
A8: n (jumlah data latih) | B8: 48
A9: MAPE in-sample (t=13..48) | B9: =AVERAGE(AF24:AF59) -> 0.041460665
A10: Data | D10: Iterasi 1 (musiman 3x3) | P10: Iterasi 2 (musiman 3x5) & hasil final | AD10: Fitted / Ramalan
A11: t | B11: Periode | C11: Y | D11: T1: MA 2x12 | E11: SI1 = Y/T1 | F11: SI1 t-24 | G11: SI1 t-12 | H11: SI1 t | I11: SI1 t+12 | J11: SI1 t+24 | K11: S1 mentah (3x3) | L11: MA 2x12 dari S1 | M11: S1 (dinormalisasi) | N11: A1 = Y/S1 | O11: T2: Henderson 13 | P11: SI2 = Y/T2 | Q11: SI2 t-36 | R11: SI2 t-24 | S11: SI2 t-12 | T11: SI2 t | U11: SI2 t+12 | V11: SI2 t+24 | W11: SI2 t+36 | X11: S2 mentah (3x5) | Y11: MA 2x12 dari S2 | Z11: S2 final | AA11: A2 = Y/S2 | AB11: T3: tren final (Henderson 13) | AC11: I = A2/T3 | AD11: Tren linear | AE11: Fitted / Ramalan | AF11: APE
A12: 1 | B12: =Data!B5 -> 44348 | C12: =Data!D5 -> 230 | D12: =IF(AND($A12>=$B$6,$A12<=$B$7),SUMPRODUCT(Bobot_Filter!$B$4:$B$16,C6:C18),"") | E12: =IF(ISNUMBER(D12),C12/D12,"") | F12: =IF(AND($A12+(-24)>=1,$A12+(-24)<=$B$8),INDEX($E$12:$E$59,$A12+(-24)),"") | G12: =IF(AND($A12+(-12)>=1,$A12+(-12)<=$B$8),INDEX($E$12:$E$59,$A12+(-12)),"") | H12: =IF(AND($A12+(0)>=1,$A12+(0)<=$B$8),INDEX($E$12:$E$59,$A12+(0)),"") | I12: =IF(AND($A12+(12)>=1,$A12+(12)<=$B$8),INDEX($E$12:$E$59,$A12+(12)),"") -> 0.92138269 | J12: =IF(AND($A12+(24)>=1,$A12+(24)<=$B$8),INDEX($E$12:$E$59,$A12+(24)),"") -> 0.95452552 | K12: =IF(SUMPRODUCT(Bobot_Filter!$B$38:$F$38,ISNUMBER(F12:J12)*1)>0,SUMPRODUCT(Bobot_Filter!$B$38:$F$38,F12:J12)/SUMPRODUCT(Bobot_Filter!$B$38:$F$38,ISNUMBER(F12:J12)*1),"") -> 0.9324303 | L12: =IF(AND($A12>=$B$6,$A12<=$B$7),SUMPRODUCT(Bobot_Filter!$B$4:$B$16,K6:K18),"") | M12: =K12/INDEX($L$12:$L$59,MAX($B$6,MIN($A12,$B$7))) -> 0.93344844 | N12: =C12/M12 -> 246.39818 | O12: =IF(AND($A12>=$B$6,$A12<=$B$7),SUMPRODUCT(Bobot_Filter!$B$20:$B$32,N6:N18),"") | P12: =IF(ISNUMBER(O12),C12/O12,"") | Q12: =IF(AND($A12+(-36)>=1,$A12+(-36)<=$B$8),INDEX($P$12:$P$59,$A12+(-36)),"") | R12: =IF(AND($A12+(-24)>=1,$A12+(-24)<=$B$8),INDEX($P$12:$P$59,$A12+(-24)),"") | S12: =IF(AND($A12+(-12)>=1,$A12+(-12)<=$B$8),INDEX($P$12:$P$59,$A12+(-12)),"") | T12: =IF(AND($A12+(0)>=1,$A12+(0)<=$B$8),INDEX($P$12:$P$59,$A12+(0)),"") | U12: =IF(AND($A12+(12)>=1,$A12+(12)<=$B$8),INDEX($P$12:$P$59,$A12+(12)),"") -> 0.91881937 | V12: =IF(AND($A12+(24)>=1,$A12+(24)<=$B$8),INDEX($P$12:$P$59,$A12+(24)),"") -> 0.94164754 | W12: =IF(AND($A12+(36)>=1,$A12+(36)<=$B$8),INDEX($P$12:$P$59,$A12+(36)),"") -> 0.91561325 | X12: =IF(SUMPRODUCT(Bobot_Filter!$B$43:$H$43,ISNUMBER(Q12:W12)*1)>0,SUMPRODUCT(Bobot_Filter!$B$43:$H$43,Q12:W12)/SUMPRODUCT(Bobot_Filter!$B$43:$H$43,ISNUMBER(Q12:W12)*1),"") -> 0.92589441 | Y12: =IF(AND($A12>=$B$6,$A12<=$B$7),SUMPRODUCT(Bobot_Filter!$B$4:$B$16,X6:X18),"") | Z12: =X12/INDEX($Y$12:$Y$59,MAX($B$6,MIN($A12,$B$7))) -> 0.92645376 | AA12: =C12/Z12 -> 248.25848 | AB12: =IF(AND($A12>=$B$6,$A12<=$B$7),SUMPRODUCT(Bobot_Filter!$B$20:$B$32,AA6:AA18),"") | AC12: =IF(ISNUMBER(AB12),AA12/AB12,"") | AD12: =$B$4+$B$3*A12 -> 256.9253 | AE12: =AD12*Z12 -> 238.02941
A13: 2 | B13: =Data!B6 -> 44378 | C13: =Data!D6 -> 268 | D13: =IF(AND($A13>=$B$6,$A13<=$B$7),SUMPRODUCT(Bobot_Filter!$B$4:$B$16,C7:C19),"") | E13: =IF(ISNUMBER(D13),C13/D13,"") | F13: =IF(AND($A13+(-24)>=1,$A13+(-24)<=$B$8),INDEX($E$12:$E$59,$A13+(-24)),"") | G13: =IF(AND($A13+(-12)>=1,$A13+(-12)<=$B$8),INDEX($E$12:$E$59,$A13+(-12)),"") | H13: =IF(AND($A13+(0)>=1,$A13+(0)<=$B$8),INDEX($E$12:$E$59,$A13+(0)),"") | I13: =IF(AND($A13+(12)>=1,$A13+(12)<=$B$8),INDEX($E$12:$E$59,$A13+(12)),"") -> 1.015582 | J13: =IF(AND($A13+(24)>=1,$A13+(24)<=$B$8),INDEX($E$12:$E$59,$A13+(24)),"") -> 1.1105309 | K13: =IF(SUMPRODUCT(Bobot_Filter!$B$38:$F$38,ISNUMBER(F13:J13)*1)>0,SUMPRODUCT(Bobot_Filter!$B$38:$F$38,F13:J13)/SUMPRODUCT(Bobot_Filter!$B$38:$F$38,ISNUMBER(F13:J13)*1),"") -> 1.0472317 | L13: =IF(AND($A13>=$B$6,$A13<=$B$7),SUMPRODUCT(Bobot_Filter!$B$4:$B$16,K7:K19),"") | M13: =K13/INDEX($L$12:$L$59,MAX($B$6,MIN($A13,$B$7))) -> 1.0483752 | N13: =C13/M13 -> 255.63368 | O13: =IF(AND($A13>=$B$6,$A13<=$B$7),SUMPRODUCT(Bobot_Filter!$B$20:$B$32,N7:N19),"") | P13: =IF(ISNUMBER(O13),C13/O13,"") | Q13: =IF(AND($A13+(-36)>=1,$A13+(-36)<=$B$8),INDEX($P$12:$P$59,$A13+(-36)),"") | R13: =IF(AND($A13+(-24)>=1,$A13+(-24)<=$B$8),INDEX($P$12:$P$59,$A13+(-24)),"") | S13: =IF(AND($A13+(-12)>=1,$A13+(-12)<=$B$8),INDEX($P$12:$P$59,$A13+(-12)),"") | T13: =IF(AND($A13+(0)>=1,$A13+(0)<=$B$8),INDEX($P$12:$P$59,$A13+(0)),"") | U13: =IF(AND($A13+(12)>=1,$A13+(12)<=$B$8),INDEX($P$12:$P$59,$A13+(12)),"") -> 1.011107 | V13: =IF(AND($A13+(24)>=1,$A13+(24)<=$B$8),INDEX($P$12:$P$59,$A13+(24)),"") -> 1.0964981 | W13: =IF(AND($A13+(36)>=1,$A13+(36)<=$B$8),INDEX($P$12:$P$59,$A13+(36)),"") -> 1.0059962 | X13: =IF(SUMPRODUCT(Bobot_Filter!$B$43:$H$43,ISNUMBER(Q13:W13)*1)>0,SUMPRODUCT(Bobot_Filter!$B$43:$H$43,Q13:W13)/SUMPRODUCT(Bobot_Filter!$B$43:$H$43,ISNUMBER(Q13:W13)*1),"") -> 1.0387189 | Y13: =IF(AND($A13>=$B$6,$A13<=$B$7),SUMPRODUCT(Bobot_Filter!$B$4:$B$16,X7:X19),"") | Z13: =X13/INDEX($Y$12:$Y$59,MAX($B$6,MIN($A13,$B$7))) -> 1.0393464 | AA13: =C13/Z13 -> 257.85436 | AB13: =IF(AND($A13>=$B$6,$A13<=$B$7),SUMPRODUCT(Bobot_Filter!$B$20:$B$32,AA7:AA19),"") | AC13: =IF(ISNUMBER(AB13),AA13/AB13,"") | AD13: =$B$4+$B$3*A13 -> 258.16635 | AE13: =AD13*Z13 -> 268.32427
A14: 3 | B14: =Data!B7 -> 44409 | C14: =Data!D7 -> 220 | D14: =IF(AND($A14>=$B$6,$A14<=$B$7),SUMPRODUCT(Bobot_Filter!$B$4:$B$16,C8:C20),"") | E14: =IF(ISNUMBER(D14),C14/D14,"") | F14: =IF(AND($A14+(-24)>=1,$A14+(-24)<=$B$8),INDEX($E$12:$E$59,$A14+(-24)),"") | G14: =IF(AND($A14+(-12)>=1,$A14+(-12)<=$B$8),INDEX($E$12:$E$59,$A14+(-12)),"") | H14: =IF(AND($A14+(0)>=1,$A14+(0)<=$B$8),INDEX($E$12:$E$59,$A14+(0)),"") | I14: =IF(AND($A14+(12)>=1,$A14+(12)<=$B$8),INDEX($E$12:$E$59,$A14+(12)),"") -> 0.93858845 | J14: =IF(AND($A14+(24)>=1,$A14+(24)<=$B$8),INDEX($E$12:$E$59,$A14+(24)),"") -> 0.88366762 | K14: =IF(SUMPRODUCT(Bobot_Filter!$B$38:$F$38,ISNUMBER(F14:J14)*1)>0,SUMPRODUCT(Bobot_Filter!$B$38:$F$38,F14:J14)/SUMPRODUCT(Bobot_Filter!$B$38:$F$38,ISNUMBER(F14:J14)*1),"") -> 0.92028151 | L14: =IF(AND($A14>=$B$6,$A14<=$B$7),SUMPRODUCT(Bobot_Filter!$B$4:$B$16,K8:K20),"") | M14: =K14/INDEX($L$12:$L$59,MAX($B$6,MIN($A14,$B$7))) -> 0.92128638 | N14: =C14/M14 -> 238.79654 | O14: =IF(AND($A14>=$B$6,$A14<=$B$7),SUMPRODUCT(Bobot_Filter!$B$20:$B$32,N8:N20),"") | P14: =IF(ISNUMBER(O14),C14/O14,"") | Q14: =IF(AND($A14+(-36)>=1,$A14+(-36)<=$B$8),INDEX($P$12:$P$59,$A14+(-36)),"") | R14: =IF(AND($A14+(-24)>=1,$A14+(-24)<=$B$8),INDEX($P$12:$P$59,$A14+(-24)),"") | S14: =IF(AND($A14+(-12)>=1,$A14+(-12)<=$B$8),INDEX($P$12:$P$59,$A14+(-12)),"") | T14: =IF(AND($A14+(0)>=1,$A14+(0)<=$B$8),INDEX($P$12:$P$59,$A14+(0)),"") | U14: =IF(AND($A14+(12)>=1,$A14+(12)<=$B$8),INDEX($P$12:$P$59,$A14+(12)),"") -> 0.93221933 | V14: =IF(AND($A14+(24)>=1,$A14+(24)<=$B$8),INDEX($P$12:$P$59,$A14+(24)),"") -> 0.88107076 | W14: =IF(AND($A14+(36)>=1,$A14+(36)<=$B$8),INDEX($P$12:$P$59,$A14+(36)),"") -> 0.94820171 | X14: =IF(SUMPRODUCT(Bobot_Filter!$B$43:$H$43,ISNUMBER(Q14:W14)*1)>0,SUMPRODUCT(Bobot_Filter!$B$43:$H$43,Q14:W14)/SUMPRODUCT(Bobot_Filter!$B$43:$H$43,ISNUMBER(Q14:W14)*1),"") -> 0.91783354 | Y14: =IF(AND($A14>=$B$6,$A14<=$B$7),SUMPRODUCT(Bobot_Filter!$B$4:$B$16,X8:X20),"") | Z14: =X14/INDEX($Y$12:$Y$59,MAX($B$6,MIN($A14,$B$7))) -> 0.91838802 | AA14: =C14/Z14 -> 239.55016 | AB14: =IF(AND($A14>=$B$6,$A14<=$B$7),SUMPRODUCT(Bobot_Filter!$B$20:$B$32,AA8:AA20),"") | AC14: =IF(ISNUMBER(AB14),AA14/AB14,"") | AD14: =$B$4+$B$3*A14 -> 259.4074 | AE14: =AD14*Z14 -> 238.23665
A15: 4 | B15: =Data!B8 -> 44440 | C15: =Data!D8 -> 260 | D15: =IF(AND($A15>=$B$6,$A15<=$B$7),SUMPRODUCT(Bobot_Filter!$B$4:$B$16,C9:C21),"") | E15: =IF(ISNUMBER(D15),C15/D15,"") | F15: =IF(AND($A15+(-24)>=1,$A15+(-24)<=$B$8),INDEX($E$12:$E$59,$A15+(-24)),"") | G15: =IF(AND($A15+(-12)>=1,$A15+(-12)<=$B$8),INDEX($E$12:$E$59,$A15+(-12)),"") | H15: =IF(AND($A15+(0)>=1,$A15+(0)<=$B$8),INDEX($E$12:$E$59,$A15+(0)),"") | I15: =IF(AND($A15+(12)>=1,$A15+(12)<=$B$8),INDEX($E$12:$E$59,$A15+(12)),"") -> 0.89723021 | J15: =IF(AND($A15+(24)>=1,$A15+(24)<=$B$8),INDEX($E$12:$E$59,$A15+(24)),"") -> 0.9707255 | K15: =IF(SUMPRODUCT(Bobot_Filter!$B$38:$F$38,ISNUMBER(F15:J15)*1)>0,SUMPRODUCT(Bobot_Filter!$B$38:$F$38,F15:J15)/SUMPRODUCT(Bobot_Filter!$B$38:$F$38,ISNUMBER(F15:J15)*1),"") -> 0.92172864 | L15: =IF(AND($A15>=$B$6,$A15<=$B$7),SUMPRODUCT(Bobot_Filter!$B$4:$B$16,K9:K21),"") | M15: =K15/INDEX($L$12:$L$59,MAX($B$6,MIN($A15,$B$7))) -> 0.9227351 | N15: =C15/M15 -> 281.77101 | O15: =IF(AND($A15>=$B$6,$A15<=$B$7),SUMPRODUCT(Bobot_Filter!$B$20:$B$32,N9:N21),"") | P15: =IF(ISNUMBER(O15),C15/O15,"") | Q15: =IF(AND($A15+(-36)>=1,$A15+(-36)<=$B$8),INDEX($P$12:$P$59,$A15+(-36)),"") | R15: =IF(AND($A15+(-24)>=1,$A15+(-24)<=$B$8),INDEX($P$12:$P$59,$A15+(-24)),"") | S15: =IF(AND($A15+(-12)>=1,$A15+(-12)<=$B$8),INDEX($P$12:$P$59,$A15+(-12)),"") | T15: =IF(AND($A15+(0)>=1,$A15+(0)<=$B$8),INDEX($P$12:$P$59,$A15+(0)),"") | U15: =IF(AND($A15+(12)>=1,$A15+(12)<=$B$8),INDEX($P$12:$P$59,$A15+(12)),"") -> 0.89793666 | V15: =IF(AND($A15+(24)>=1,$A15+(24)<=$B$8),INDEX($P$12:$P$59,$A15+(24)),"") -> 0.97994515 | W15: =IF(AND($A15+(36)>=1,$A15+(36)<=$B$8),INDEX($P$12:$P$59,$A15+(36)),"") -> 0.95878253 | X15: =IF(SUMPRODUCT(Bobot_Filter!$B$43:$H$43,ISNUMBER(Q15:W15)*1)>0,SUMPRODUCT(Bobot_Filter!$B$43:$H$43,Q15:W15)/SUMPRODUCT(Bobot_Filter!$B$43:$H$43,ISNUMBER(Q15:W15)*1),"") -> 0.9354138 | Y15: =IF(AND($A15>=$B$6,$A15<=$B$7),SUMPRODUCT(Bobot_Filter!$B$4:$B$16,X9:X21),"") | Z15: =X15/INDEX($Y$12:$Y$59,MAX($B$6,MIN($A15,$B$7))) -> 0.93597891 | AA15: =C15/Z15 -> 277.78404 | AB15: =IF(AND($A15>=$B$6,$A15<=$B$7),SUMPRODUCT(Bobot_Filter!$B$20:$B$32,AA9:AA21),"") | AC15: =IF(ISNUMBER(AB15),AA15/AB15,"") | AD15: =$B$4+$B$3*A15 -> 260.64844 | AE15: =AD15*Z15 -> 243.96145
A16: 5 | B16: =Data!B9 -> 44470 | C16: =Data!D9 -> 252 | D16: =IF(AND($A16>=$B$6,$A16<=$B$7),SUMPRODUCT(Bobot_Filter!$B$4:$B$16,C10:C22),"") | E16: =IF(ISNUMBER(D16),C16/D16,"") | F16: =IF(AND($A16+(-24)>=1,$A16+(-24)<=$B$8),INDEX($E$12:$E$59,$A16+(-24)),"") | G16: =IF(AND($A16+(-12)>=1,$A16+(-12)<=$B$8),INDEX($E$12:$E$59,$A16+(-12)),"") | H16: =IF(AND($A16+(0)>=1,$A16+(0)<=$B$8),INDEX($E$12:$E$59,$A16+(0)),"") | I16: =IF(AND($A16+(12)>=1,$A16+(12)<=$B$8),INDEX($E$12:$E$59,$A16+(12)),"") -> 0.90036014 | J16: =IF(AND($A16+(24)>=1,$A16+(24)<=$B$8),INDEX($E$12:$E$59,$A16+(24)),"") -> 0.85171103 | K16: =IF(SUMPRODUCT(Bobot_Filter!$B$38:$F$38,ISNUMBER(F16:J16)*1)>0,SUMPRODUCT(Bobot_Filter!$B$38:$F$38,F16:J16)/SUMPRODUCT(Bobot_Filter!$B$38:$F$38,ISNUMBER(F16:J16)*1),"") -> 0.88414377 | L16: =IF(AND($A16>=$B$6,$A16<=$B$7),SUMPRODUCT(Bobot_Filter!$B$4:$B$16,K10:K22),"") | M16: =K16/INDEX($L$12:$L$59,MAX($B$6,MIN($A16,$B$7))) -> 0.88510919 | N16: =C16/M16 -> 284.71064 | O16: =IF(AND($A16>=$B$6,$A16<=$B$7),SUMPRODUCT(Bobot_Filter!$B$20:$B$32,N10:N22),"") | P16: =IF(ISNUMBER(O16),C16/O16,"") | Q16: =IF(AND($A16+(-36)>=1,$A16+(-36)<=$B$8),INDEX($P$12:$P$59,$A16+(-36)),"") | R16: =IF(AND($A16+(-24)>=1,$A16+(-24)<=$B$8),INDEX($P$12:$P$59,$A16+(-24)),"") | S16: =IF(AND($A16+(-12)>=1,$A16+(-12)<=$B$8),INDEX($P$12:$P$59,$A16+(-12)),"") | T16: =IF(AND($A16+(0)>=1,$A16+(0)<=$B$8),INDEX($P$12:$P$59,$A16+(0)),"") | U16: =IF(AND($A16+(12)>=1,$A16+(12)<=$B$8),INDEX($P$12:$P$59,$A16+(12)),"") -> 0.90726352 | V16: =IF(AND($A16+(24)>=1,$A16+(24)<=$B$8),INDEX($P$12:$P$59,$A16+(24)),"") -> 0.86013074 | W16: =IF(AND($A16+(36)>=1,$A16+(36)<=$B$8),INDEX($P$12:$P$59,$A16+(36)),"") -> 0.91930951 | X16: =IF(SUMPRODUCT(Bobot_Filter!$B$43:$H$43,ISNUMBER(Q16:W16)*1)>0,SUMPRODUCT(Bobot_Filter!$B$43:$H$43,Q16:W16)/SUMPRODUCT(Bobot_Filter!$B$43:$H$43,ISNUMBER(Q16:W16)*1),"") -> 0.89356026 | Y16: =IF(AND($A16>=$B$6,$A16<=$B$7),SUMPRODUCT(Bobot_Filter!$B$4:$B$16,X10:X22),"") | Z16: =X16/INDEX($Y$12:$Y$59,MAX($B$6,MIN($A16,$B$7))) -> 0.89410008 | AA16: =C16/Z16 -> 281.84764 | AB16: =IF(AND($A16>=$B$6,$A16<=$B$7),SUMPRODUCT(Bobot_Filter!$B$20:$B$32,AA10:AA22),"") | AC16: =IF(ISNUMBER(AB16),AA16/AB16,"") | AD16: =$B$4+$B$3*A16 -> 261.88949 | AE16: =AD16*Z16 -> 234.15541
A17: 6 | B17: =Data!B10 -> 44501 | C17: =Data!D10 -> 241 | D17: =IF(AND($A17>=$B$6,$A17<=$B$7),SUMPRODUCT(Bobot_Filter!$B$4:$B$16,C11:C23),"") | E17: =IF(ISNUMBER(D17),C17/D17,"") | F17: =IF(AND($A17+(-24)>=1,$A17+(-24)<=$B$8),INDEX($E$12:$E$59,$A17+(-24)),"") | G17: =IF(AND($A17+(-12)>=1,$A17+(-12)<=$B$8),INDEX($E$12:$E$59,$A17+(-12)),"") | H17: =IF(AND($A17+(0)>=1,$A17+(0)<=$B$8),INDEX($E$12:$E$59,$A17+(0)),"") | I17: =IF(AND($A17+(12)>=1,$A17+(12)<=$B$8),INDEX($E$12:$E$59,$A17+(12)),"") -> 0.95392954 | J17: =IF(AND($A17+(24)>=1,$A17+(24)<=$B$8),INDEX($E$12:$E$59,$A17+(24)),"") -> 0.92021427 | K17: =IF(SUMPRODUCT(Bobot_Filter!$B$38:$F$38,ISNUMBER(F17:J17)*1)>0,SUMPRODUCT(Bobot_Filter!$B$38:$F$38,F17:J17)/SUMPRODUCT(Bobot_Filter!$B$38:$F$38,ISNUMBER(F17:J17)*1),"") -> 0.94269111 | L17: =IF(AND($A17>=$B$6,$A17<=$B$7),SUMPRODUCT(Bobot_Filter!$B$4:$B$16,K11:K23),"") | M17: =K17/INDEX($L$12:$L$59,MAX($B$6,MIN($A17,$B$7))) -> 0.94372046 | N17: =C17/M17 -> 255.37223 | O17: =IF(AND($A17>=$B$6,$A17<=$B$7),SUMPRODUCT(Bobot_Filter!$B$20:$B$32,N11:N23),"") | P17: =IF(ISNUMBER(O17),C17/O17,"") | Q17: =IF(AND($A17+(-36)>=1,$A17+(-36)<=$B$8),INDEX($P$12:$P$59,$A17+(-36)),"") | R17: =IF(AND($A17+(-24)>=1,$A17+(-24)<=$B$8),INDEX($P$12:$P$59,$A17+(-24)),"") | S17: =IF(AND($A17+(-12)>=1,$A17+(-12)<=$B$8),INDEX($P$12:$P$59,$A17+(-12)),"") | T17: =IF(AND($A17+(0)>=1,$A17+(0)<=$B$8),INDEX($P$12:$P$59,$A17+(0)),"") | U17: =IF(AND($A17+(12)>=1,$A17+(12)<=$B$8),INDEX($P$12:$P$59,$A17+(12)),"") -> 0.95402571 | V17: =IF(AND($A17+(24)>=1,$A17+(24)<=$B$8),INDEX($P$12:$P$59,$A17+(24)),"") -> 0.9212082 | W17: =IF(AND($A17+(36)>=1,$A17+(36)<=$B$8),INDEX($P$12:$P$59,$A17+(36)),"") -> 0.87769545 | X17: =IF(SUMPRODUCT(Bobot_Filter!$B$43:$H$43,ISNUMBER(Q17:W17)*1)>0,SUMPRODUCT(Bobot_Filter!$B$43:$H$43,Q17:W17)/SUMPRODUCT(Bobot_Filter!$B$43:$H$43,ISNUMBER(Q17:W17)*1),"") -> 0.93036483 | Y17: =IF(AND($A17>=$B$6,$A17<=$B$7),SUMPRODUCT(Bobot_Filter!$B$4:$B$16,X11:X23),"") | Z17: =X17/INDEX($Y$12:$Y$59,MAX($B$6,MIN($A17,$B$7))) -> 0.93092689 | AA17: =C17/Z17 -> 258.88177 | AB17: =IF(AND($A17>=$B$6,$A17<=$B$7),SUMPRODUCT(Bobot_Filter!$B$20:$B$32,AA11:AA23),"") | AC17: =IF(ISNUMBER(AB17),AA17/AB17,"") | AD17: =$B$4+$B$3*A17 -> 263.13054 | AE17: =AD17*Z17 -> 244.95529
A18: 7 | B18: =Data!B11 -> 44531 | C18: =Data!D11 -> 302 | D18: =IF(AND($A18>=$B$6,$A18<=$B$7),SUMPRODUCT(Bobot_Filter!$B$4:$B$16,C12:C24),"") -> 266.375 | E18: =IF(ISNUMBER(D18),C18/D18,"") -> 1.13374 | F18: =IF(AND($A18+(-24)>=1,$A18+(-24)<=$B$8),INDEX($E$12:$E$59,$A18+(-24)),"") | G18: =IF(AND($A18+(-12)>=1,$A18+(-12)<=$B$8),INDEX($E$12:$E$59,$A18+(-12)),"") | H18: =IF(AND($A18+(0)>=1,$A18+(0)<=$B$8),INDEX($E$12:$E$59,$A18+(0)),"") -> 1.13374 | I18: =IF(AND($A18+(12)>=1,$A18+(12)<=$B$8),INDEX($E$12:$E$59,$A18+(12)),"") -> 1.1574981 | J18: =IF(AND($A18+(24)>=1,$A18+(24)<=$B$8),INDEX($E$12:$E$59,$A18+(24)),"") -> 1.0758853 | K18: =IF(SUMPRODUCT(Bobot_Filter!$B$38:$F$38,ISNUMBER(F18:J18)*1)>0,SUMPRODUCT(Bobot_Filter!$B$38:$F$38,F18:J18)/SUMPRODUCT(Bobot_Filter!$B$38:$F$38,ISNUMBER(F18:J18)*1),"") -> 1.1320169 | L18: =IF(AND($A18>=$B$6,$A18<=$B$7),SUMPRODUCT(Bobot_Filter!$B$4:$B$16,K12:K24),"") -> 0.99890927 | M18: =K18/INDEX($L$12:$L$59,MAX($B$6,MIN($A18,$B$7))) -> 1.133253 | N18: =C18/M18 -> 266.48947 | O18: =IF(AND($A18>=$B$6,$A18<=$B$7),SUMPRODUCT(Bobot_Filter!$B$20:$B$32,N12:N24),"") -> 267.44186 | P18: =IF(ISNUMBER(O18),C18/O18,"") -> 1.1292174 | Q18: =IF(AND($A18+(-36)>=1,$A18+(-36)<=$B$8),INDEX($P$12:$P$59,$A18+(-36)),"") | R18: =IF(AND($A18+(-24)>=1,$A18+(-24)<=$B$8),INDEX($P$12:$P$59,$A18+(-24)),"") | S18: =IF(AND($A18+(-12)>=1,$A18+(-12)<=$B$8),INDEX($P$12:$P$59,$A18+(-12)),"") | T18: =IF(AND($A18+(0)>=1,$A18+(0)<=$B$8),INDEX($P$12:$P$59,$A18+(0)),"") -> 1.1292174 | U18: =IF(AND($A18+(12)>=1,$A18+(12)<=$B$8),INDEX($P$12:$P$59,$A18+(12)),"") -> 1.1545677 | V18: =IF(AND($A18+(24)>=1,$A18+(24)<=$B$8),INDEX($P$12:$P$59,$A18+(24)),"") -> 1.0695491 | W18: =IF(AND($A18+(36)>=1,$A18+(36)<=$B$8),INDEX($P$12:$P$59,$A18+(36)),"") | X18: =IF(SUMPRODUCT(Bobot_Filter!$B$43:$H$43,ISNUMBER(Q18:W18)*1)>0,SUMPRODUCT(Bobot_Filter!$B$43:$H$43,Q18:W18)/SUMPRODUCT(Bobot_Filter!$B$43:$H$43,ISNUMBER(Q18:W18)*1),"") -> 1.1238067 | Y18: =IF(AND($A18>=$B$6,$A18<=$B$7),SUMPRODUCT(Bobot_Filter!$B$4:$B$16,X12:X24),"") -> 0.99939624 | Z18: =X18/INDEX($Y$12:$Y$59,MAX($B$6,MIN($A18,$B$7))) -> 1.1244856 | AA18: =C18/Z18 -> 268.56724 | AB18: =IF(AND($A18>=$B$6,$A18<=$B$7),SUMPRODUCT(Bobot_Filter!$B$20:$B$32,AA12:AA24),"") -> 266.84012 | AC18: =IF(ISNUMBER(AB18),AA18/AB18,"") -> 1.0064725 | AD18: =$B$4+$B$3*A18 -> 264.37159 | AE18: =AD18*Z18 -> 297.28204
A19: 8 | B19: =Data!B12 -> 44562 | C19: =Data!D12 -> 288 | D19: =IF(AND($A19>=$B$6,$A19<=$B$7),SUMPRODUCT(Bobot_Filter!$B$4:$B$16,C13:C25),"") -> 267.625 | E19: =IF(ISNUMBER(D19),C19/D19,"") -> 1.0761326 | F19: =IF(AND($A19+(-24)>=1,$A19+(-24)<=$B$8),INDEX($E$12:$E$59,$A19+(-24)),"") | G19: =IF(AND($A19+(-12)>=1,$A19+(-12)<=$B$8),INDEX($E$12:$E$59,$A19+(-12)),"") | H19: =IF(AND($A19+(0)>=1,$A19+(0)<=$B$8),INDEX($E$12:$E$59,$A19+(0)),"") -> 1.0761326 | I19: =IF(AND($A19+(12)>=1,$A19+(12)<=$B$8),INDEX($E$12:$E$59,$A19+(12)),"") -> 0.99611824 | J19: =IF(AND($A19+(24)>=1,$A19+(24)<=$B$8),INDEX($E$12:$E$59,$A19+(24)),"") -> 1.129969 | K19: =IF(SUMPRODUCT(Bobot_Filter!$B$38:$F$38,ISNUMBER(F19:J19)*1)>0,SUMPRODUCT(Bobot_Filter!$B$38:$F$38,F19:J19)/SUMPRODUCT(Bobot_Filter!$B$38:$F$38,ISNUMBER(F19:J19)*1),"") -> 1.0584339 | L19: =IF(AND($A19>=$B$6,$A19<=$B$7),SUMPRODUCT(Bobot_Filter!$B$4:$B$16,K13:K25),"") -> 0.99852878 | M19: =K19/INDEX($L$12:$L$59,MAX($B$6,MIN($A19,$B$7))) -> 1.0599934 | N19: =C19/M19 -> 271.69981 | O19: =IF(AND($A19>=$B$6,$A19<=$B$7),SUMPRODUCT(Bobot_Filter!$B$20:$B$32,N13:N25),"") -> 265.85045 | P19: =IF(ISNUMBER(O19),C19/O19,"") -> 1.0833158 | Q19: =IF(AND($A19+(-36)>=1,$A19+(-36)<=$B$8),INDEX($P$12:$P$59,$A19+(-36)),"") | R19: =IF(AND($A19+(-24)>=1,$A19+(-24)<=$B$8),INDEX($P$12:$P$59,$A19+(-24)),"") | S19: =IF(AND($A19+(-12)>=1,$A19+(-12)<=$B$8),INDEX($P$12:$P$59,$A19+(-12)),"") | T19: =IF(AND($A19+(0)>=1,$A19+(0)<=$B$8),INDEX($P$12:$P$59,$A19+(0)),"") -> 1.0833158 | U19: =IF(AND($A19+(12)>=1,$A19+(12)<=$B$8),INDEX($P$12:$P$59,$A19+(12)),"") -> 1.0049103 | V19: =IF(AND($A19+(24)>=1,$A19+(24)<=$B$8),INDEX($P$12:$P$59,$A19+(24)),"") -> 1.1083771 | W19: =IF(AND($A19+(36)>=1,$A19+(36)<=$B$8),INDEX($P$12:$P$59,$A19+(36)),"") | X19: =IF(SUMPRODUCT(Bobot_Filter!$B$43:$H$43,ISNUMBER(Q19:W19)*1)>0,SUMPRODUCT(Bobot_Filter!$B$43:$H$43,Q19:W19)/SUMPRODUCT(Bobot_Filter!$B$43:$H$43,ISNUMBER(Q19:W19)*1),"") -> 1.0601791 | Y19: =IF(AND($A19>=$B$6,$A19<=$B$7),SUMPRODUCT(Bobot_Filter!$B$4:$B$16,X13:X25),"") -> 0.99955524 | Z19: =X19/INDEX($Y$12:$Y$59,MAX($B$6,MIN($A19,$B$7))) -> 1.0606508 | AA19: =C19/Z19 -> 271.5314 | AB19: =IF(AND($A19>=$B$6,$A19<=$B$7),SUMPRODUCT(Bobot_Filter!$B$20:$B$32,AA13:AA25),"") -> 264.99932 | AC19: =IF(ISNUMBER(AB19),AA19/AB19,"") -> 1.0246494 | AD19: =$B$4+$B$3*A19 -> 265.61263 | AE19: =AD19*Z19 -> 281.72226
A20: 9 | B20: =Data!B13 -> 44593 | C20: =Data!D13 -> 244 | D20: =IF(AND($A20>=$B$6,$A20<=$B$7),SUMPRODUCT(Bobot_Filter!$B$4:$B$16,C14:C26),"") -> 269.5 | E20: =IF(ISNUMBER(D20),C20/D20,"") -> 0.90538033 | F20: =IF(AND($A20+(-24)>=1,$A20+(-24)<=$B$8),INDEX($E$12:$E$59,$A20+(-24)),"") | G20: =IF(AND($A20+(-12)>=1,$A20+(-12)<=$B$8),INDEX($E$12:$E$59,$A20+(-12)),"") | H20: =IF(AND($A20+(0)>=1,$A20+(0)<=$B$8),INDEX($E$12:$E$59,$A20+(0)),"") -> 0.90538033 | I20: =IF(AND($A20+(12)>=1,$A20+(12)<=$B$8),INDEX($E$12:$E$59,$A20+(12)),"") -> 0.90431687 | J20: =IF(AND($A20+(24)>=1,$A20+(24)<=$B$8),INDEX($E$12:$E$59,$A20+(24)),"") -> 0.95959454 | K20: =IF(SUMPRODUCT(Bobot_Filter!$B$38:$F$38,ISNUMBER(F20:J20)*1)>0,SUMPRODUCT(Bobot_Filter!$B$38:$F$38,F20:J20)/SUMPRODUCT(Bobot_Filter!$B$38:$F$38,ISNUMBER(F20:J20)*1),"") -> 0.91406155 | L20: =IF(AND($A20>=$B$6,$A20<=$B$7),SUMPRODUCT(Bobot_Filter!$B$4:$B$16,K14:K26),"") -> 0.99833692 | M20: =K20/INDEX($L$12:$L$59,MAX($B$6,MIN($A20,$B$7))) -> 0.91558423 | N20: =C20/M20 -> 266.49651 | O20: =IF(AND($A20>=$B$6,$A20<=$B$7),SUMPRODUCT(Bobot_Filter!$B$20:$B$32,N14:N26),"") -> 265.61167 | P20: =IF(ISNUMBER(O20),C20/O20,"") -> 0.91863435 | Q20: =IF(AND($A20+(-36)>=1,$A20+(-36)<=$B$8),INDEX($P$12:$P$59,$A20+(-36)),"") | R20: =IF(AND($A20+(-24)>=1,$A20+(-24)<=$B$8),INDEX($P$12:$P$59,$A20+(-24)),"") | S20: =IF(AND($A20+(-12)>=1,$A20+(-12)<=$B$8),INDEX($P$12:$P$59,$A20+(-12)),"") | T20: =IF(AND($A20+(0)>=1,$A20+(0)<=$B$8),INDEX($P$12:$P$59,$A20+(0)),"") -> 0.91863435 | U20: =IF(AND($A20+(12)>=1,$A20+(12)<=$B$8),INDEX($P$12:$P$59,$A20+(12)),"") -> 0.91723556 | V20: =IF(AND($A20+(24)>=1,$A20+(24)<=$B$8),INDEX($P$12:$P$59,$A20+(24)),"") -> 0.93943921 | W20: =IF(AND($A20+(36)>=1,$A20+(36)<=$B$8),INDEX($P$12:$P$59,$A20+(36)),"") | X20: =IF(SUMPRODUCT(Bobot_Filter!$B$43:$H$43,ISNUMBER(Q20:W20)*1)>0,SUMPRODUCT(Bobot_Filter!$B$43:$H$43,Q20:W20)/SUMPRODUCT(Bobot_Filter!$B$43:$H$43,ISNUMBER(Q20:W20)*1),"") -> 0.92331102 | Y20: =IF(AND($A20>=$B$6,$A20<=$B$7),SUMPRODUCT(Bobot_Filter!$B$4:$B$16,X14:X26),"") -> 0.99965244 | Z20: =X20/INDEX($Y$12:$Y$59,MAX($B$6,MIN($A20,$B$7))) -> 0.92363204 | AA20: =C20/Z20 -> 264.17447 | AB20: =IF(AND($A20>=$B$6,$A20<=$B$7),SUMPRODUCT(Bobot_Filter!$B$20:$B$32,AA14:AA26),"") -> 264.66357 | AC20: =IF(ISNUMBER(AB20),AA20/AB20,"") -> 0.99815197 | AD20: =$B$4+$B$3*A20 -> 266.85368 | AE20: =AD20*Z20 -> 246.47461
A21: 10 | B21: =Data!B14 -> 44621 | C21: =Data!D14 -> 246 | D21: =IF(AND($A21>=$B$6,$A21<=$B$7),SUMPRODUCT(Bobot_Filter!$B$4:$B$16,C15:C27),"") -> 270.45833 | E21: =IF(ISNUMBER(D21),C21/D21,"") -> 0.90956709 | F21: =IF(AND($A21+(-24)>=1,$A21+(-24)<=$B$8),INDEX($E$12:$E$59,$A21+(-24)),"") | G21: =IF(AND($A21+(-12)>=1,$A21+(-12)<=$B$8),INDEX($E$12:$E$59,$A21+(-12)),"") | H21: =IF(AND($A21+(0)>=1,$A21+(0)<=$B$8),INDEX($E$12:$E$59,$A21+(0)),"") -> 0.90956709 | I21: =IF(AND($A21+(12)>=1,$A21+(12)<=$B$8),INDEX($E$12:$E$59,$A21+(12)),"") -> 1.0511724 | J21: =IF(AND($A21+(24)>=1,$A21+(24)<=$B$8),INDEX($E$12:$E$59,$A21+(24)),"") -> 1.2035299 | K21: =IF(SUMPRODUCT(Bobot_Filter!$B$38:$F$38,ISNUMBER(F21:J21)*1)>0,SUMPRODUCT(Bobot_Filter!$B$38:$F$38,F21:J21)/SUMPRODUCT(Bobot_Filter!$B$38:$F$38,ISNUMBER(F21:J21)*1),"") -> 1.0057627 | L21: =IF(AND($A21>=$B$6,$A21<=$B$7),SUMPRODUCT(Bobot_Filter!$B$4:$B$16,K15:K27),"") -> 0.99875374 | M21: =K21/INDEX($L$12:$L$59,MAX($B$6,MIN($A21,$B$7))) -> 1.0070177 | N21: =C21/M21 -> 244.28569 | O21: =IF(AND($A21>=$B$6,$A21<=$B$7),SUMPRODUCT(Bobot_Filter!$B$20:$B$32,N15:N27),"") -> 267.43689 | P21: =IF(ISNUMBER(O21),C21/O21,"") -> 0.91984318 | Q21: =IF(AND($A21+(-36)>=1,$A21+(-36)<=$B$8),INDEX($P$12:$P$59,$A21+(-36)),"") | R21: =IF(AND($A21+(-24)>=1,$A21+(-24)<=$B$8),INDEX($P$12:$P$59,$A21+(-24)),"") | S21: =IF(AND($A21+(-12)>=1,$A21+(-12)<=$B$8),INDEX($P$12:$P$59,$A21+(-12)),"") | T21: =IF(AND($A21+(0)>=1,$A21+(0)<=$B$8),INDEX($P$12:$P$59,$A21+(0)),"") -> 0.91984318 | U21: =IF(AND($A21+(12)>=1,$A21+(12)<=$B$8),INDEX($P$12:$P$59,$A21+(12)),"") -> 1.0666554 | V21: =IF(AND($A21+(24)>=1,$A21+(24)<=$B$8),INDEX($P$12:$P$59,$A21+(24)),"") -> 1.1905452 | W21: =IF(AND($A21+(36)>=1,$A21+(36)<=$B$8),INDEX($P$12:$P$59,$A21+(36)),"") | X21: =IF(SUMPRODUCT(Bobot_Filter!$B$43:$H$43,ISNUMBER(Q21:W21)*1)>0,SUMPRODUCT(Bobot_Filter!$B$43:$H$43,Q21:W21)/SUMPRODUCT(Bobot_Filter!$B$43:$H$43,ISNUMBER(Q21:W21)*1),"") -> 1.0425733 | Y21: =IF(AND($A21>=$B$6,$A21<=$B$7),SUMPRODUCT(Bobot_Filter!$B$4:$B$16,X15:X27),"") -> 0.99997278 | Z21: =X21/INDEX($Y$12:$Y$59,MAX($B$6,MIN($A21,$B$7))) -> 1.0426016 | AA21: =C21/Z21 -> 235.94822 | AB21: =IF(AND($A21>=$B$6,$A21<=$B$7),SUMPRODUCT(Bobot_Filter!$B$20:$B$32,AA15:AA27),"") -> 266.75648 | AC21: =IF(ISNUMBER(AB21),AA21/AB21,"") -> 0.88450793 | AD21: =$B$4+$B$3*A21 -> 268.09473 | AE21: =AD21*Z21 -> 279.516
A22: 11 | B22: =Data!B15 -> 44652 | C22: =Data!D15 -> 346 | D22: =IF(AND($A22>=$B$6,$A22<=$B$7),SUMPRODUCT(Bobot_Filter!$B$4:$B$16,C16:C28),"") -> 269.83333 | E22: =IF(ISNUMBER(D22),C22/D22,"") -> 1.282273 | F22: =IF(AND($A22+(-24)>=1,$A22+(-24)<=$B$8),INDEX($E$12:$E$59,$A22+(-24)),"") | G22: =IF(AND($A22+(-12)>=1,$A22+(-12)<=$B$8),INDEX($E$12:$E$59,$A22+(-12)),"") | H22: =IF(AND($A22+(0)>=1,$A22+(0)<=$B$8),INDEX($E$12:$E$59,$A22+(0)),"") -> 1.282273 | I22: =IF(AND($A22+(12)>=1,$A22+(12)<=$B$8),INDEX($E$12:$E$59,$A22+(12)),"") -> 1.2383465 | J22: =IF(AND($A22+(24)>=1,$A22+(24)<=$B$8),INDEX($E$12:$E$59,$A22+(24)),"") -> 1.0732795 | K22: =IF(SUMPRODUCT(Bobot_Filter!$B$38:$F$38,ISNUMBER(F22:J22)*1)>0,SUMPRODUCT(Bobot_Filter!$B$38:$F$38,F22:J22)/SUMPRODUCT(Bobot_Filter!$B$38:$F$38,ISNUMBER(F22:J22)*1),"") -> 1.2327986 | L22: =IF(AND($A22>=$B$6,$A22<=$B$7),SUMPRODUCT(Bobot_Filter!$B$4:$B$16,K16:K28),"") -> 0.99927529 | M22: =K22/INDEX($L$12:$L$59,MAX($B$6,MIN($A22,$B$7))) -> 1.2336927 | N22: =C22/M22 -> 280.45883 | O22: =IF(AND($A22>=$B$6,$A22<=$B$7),SUMPRODUCT(Bobot_Filter!$B$20:$B$32,N16:N28),"") -> 270.44877 | P22: =IF(ISNUMBER(O22),C22/O22,"") -> 1.2793551 | Q22: =IF(AND($A22+(-36)>=1,$A22+(-36)<=$B$8),INDEX($P$12:$P$59,$A22+(-36)),"") | R22: =IF(AND($A22+(-24)>=1,$A22+(-24)<=$B$8),INDEX($P$12:$P$59,$A22+(-24)),"") | S22: =IF(AND($A22+(-12)>=1,$A22+(-12)<=$B$8),INDEX($P$12:$P$59,$A22+(-12)),"") | T22: =IF(AND($A22+(0)>=1,$A22+(0)<=$B$8),INDEX($P$12:$P$59,$A22+(0)),"") -> 1.2793551 | U22: =IF(AND($A22+(12)>=1,$A22+(12)<=$B$8),INDEX($P$12:$P$59,$A22+(12)),"") -> 1.250867 | V22: =IF(AND($A22+(24)>=1,$A22+(24)<=$B$8),INDEX($P$12:$P$59,$A22+(24)),"") -> 1.0783138 | W22: =IF(AND($A22+(36)>=1,$A22+(36)<=$B$8),INDEX($P$12:$P$59,$A22+(36)),"") | X22: =IF(SUMPRODUCT(Bobot_Filter!$B$43:$H$43,ISNUMBER(Q22:W22)*1)>0,SUMPRODUCT(Bobot_Filter!$B$43:$H$43,Q22:W22)/SUMPRODUCT(Bobot_Filter!$B$43:$H$43,ISNUMBER(Q22:W22)*1),"") -> 1.2184117 | Y22: =IF(AND($A22>=$B$6,$A22<=$B$7),SUMPRODUCT(Bobot_Filter!$B$4:$B$16,X16:X28),"") -> 1.0002864 | Z22: =X22/INDEX($Y$12:$Y$59,MAX($B$6,MIN($A22,$B$7))) -> 1.2180628 | AA22: =C22/Z22 -> 284.05759 | AB22: =IF(AND($A22>=$B$6,$A22<=$B$7),SUMPRODUCT(Bobot_Filter!$B$20:$B$32,AA16:AA28),"") -> 270.43414 | AC22: =IF(ISNUMBER(AB22),AA22/AB22,"") -> 1.0503762 | AD22: =$B$4+$B$3*A22 -> 269.33577 | AE22: =AD22*Z22 -> 328.0679
A23: 12 | B23: =Data!B16 -> 44682 | C23: =Data!D16 -> 289 | D23: =IF(AND($A23>=$B$6,$A23<=$B$7),SUMPRODUCT(Bobot_Filter!$B$4:$B$16,C17:C29),"") -> 270.70833 | E23: =IF(ISNUMBER(D23),C23/D23,"") -> 1.0675696 | F23: =IF(AND($A23+(-24)>=1,$A23+(-24)<=$B$8),INDEX($E$12:$E$59,$A23+(-24)),"") | G23: =IF(AND($A23+(-12)>=1,$A23+(-12)<=$B$8),INDEX($E$12:$E$59,$A23+(-12)),"") | H23: =IF(AND($A23+(0)>=1,$A23+(0)<=$B$8),INDEX($E$12:$E$59,$A23+(0)),"") -> 1.0675696 | I23: =IF(AND($A23+(12)>=1,$A23+(12)<=$B$8),INDEX($E$12:$E$59,$A23+(12)),"") -> 0.91686183 | J23: =IF(AND($A23+(24)>=1,$A23+(24)<=$B$8),INDEX($E$12:$E$59,$A23+(24)),"") -> 0.9484193 | K23: =IF(SUMPRODUCT(Bobot_Filter!$B$38:$F$38,ISNUMBER(F23:J23)*1)>0,SUMPRODUCT(Bobot_Filter!$B$38:$F$38,F23:J23)/SUMPRODUCT(Bobot_Filter!$B$38:$F$38,ISNUMBER(F23:J23)*1),"") -> 0.99747532 | L23: =IF(AND($A23>=$B$6,$A23<=$B$7),SUMPRODUCT(Bobot_Filter!$B$4:$B$16,K17:K29),"") -> 0.99888778 | M23: =K23/INDEX($L$12:$L$59,MAX($B$6,MIN($A23,$B$7))) -> 0.99858597 | N23: =C23/M23 -> 289.40923 | O23: =IF(AND($A23>=$B$6,$A23<=$B$7),SUMPRODUCT(Bobot_Filter!$B$20:$B$32,N17:N29),"") -> 272.44067 | P23: =IF(ISNUMBER(O23),C23/O23,"") -> 1.0607814 | Q23: =IF(AND($A23+(-36)>=1,$A23+(-36)<=$B$8),INDEX($P$12:$P$59,$A23+(-36)),"") | R23: =IF(AND($A23+(-24)>=1,$A23+(-24)<=$B$8),INDEX($P$12:$P$59,$A23+(-24)),"") | S23: =IF(AND($A23+(-12)>=1,$A23+(-12)<=$B$8),INDEX($P$12:$P$59,$A23+(-12)),"") | T23: =IF(AND($A23+(0)>=1,$A23+(0)<=$B$8),INDEX($P$12:$P$59,$A23+(0)),"") -> 1.0607814 | U23: =IF(AND($A23+(12)>=1,$A23+(12)<=$B$8),INDEX($P$12:$P$59,$A23+(12)),"") -> 0.91486791 | V23: =IF(AND($A23+(24)>=1,$A23+(24)<=$B$8),INDEX($P$12:$P$59,$A23+(24)),"") -> 0.96590741 | W23: =IF(AND($A23+(36)>=1,$A23+(36)<=$B$8),INDEX($P$12:$P$59,$A23+(36)),"") | X23: =IF(SUMPRODUCT(Bobot_Filter!$B$43:$H$43,ISNUMBER(Q23:W23)*1)>0,SUMPRODUCT(Bobot_Filter!$B$43:$H$43,Q23:W23)/SUMPRODUCT(Bobot_Filter!$B$43:$H$43,ISNUMBER(Q23:W23)*1),"") -> 0.98234535 | Y23: =IF(AND($A23>=$B$6,$A23<=$B$7),SUMPRODUCT(Bobot_Filter!$B$4:$B$16,X17:X29),"") -> 0.99992441 | Z23: =X23/INDEX($Y$12:$Y$59,MAX($B$6,MIN($A23,$B$7))) -> 0.98241961 | AA23: =C23/Z23 -> 294.17165 | AB23: =IF(AND($A23>=$B$6,$A23<=$B$7),SUMPRODUCT(Bobot_Filter!$B$20:$B$32,AA17:AA29),"") -> 273.18801 | AC23: =IF(ISNUMBER(AB23),AA23/AB23,"") -> 1.0768103 | AD23: =$B$4+$B$3*A23 -> 270.57682 | AE23: =AD23*Z23 -> 265.81997
A24: 13 | B24: =Data!B17 -> 44713 | C24: =Data!D17 -> 251 | D24: =IF(AND($A24>=$B$6,$A24<=$B$7),SUMPRODUCT(Bobot_Filter!$B$4:$B$16,C18:C30),"") -> 272.41667 | E24: =IF(ISNUMBER(D24),C24/D24,"") -> 0.92138269 | F24: =IF(AND($A24+(-24)>=1,$A24+(-24)<=$B$8),INDEX($E$12:$E$59,$A24+(-24)),"") | G24: =IF(AND($A24+(-12)>=1,$A24+(-12)<=$B$8),INDEX($E$12:$E$59,$A24+(-12)),"") | H24: =IF(AND($A24+(0)>=1,$A24+(0)<=$B$8),INDEX($E$12:$E$59,$A24+(0)),"") -> 0.92138269 | I24: =IF(AND($A24+(12)>=1,$A24+(12)<=$B$8),INDEX($E$12:$E$59,$A24+(12)),"") -> 0.95452552 | J24: =IF(AND($A24+(24)>=1,$A24+(24)<=$B$8),INDEX($E$12:$E$59,$A24+(24)),"") -> 0.89564616 | K24: =IF(SUMPRODUCT(Bobot_Filter!$B$38:$F$38,ISNUMBER(F24:J24)*1)>0,SUMPRODUCT(Bobot_Filter!$B$38:$F$38,F24:J24)/SUMPRODUCT(Bobot_Filter!$B$38:$F$38,ISNUMBER(F24:J24)*1),"") -> 0.92814088 | L24: =IF(AND($A24>=$B$6,$A24<=$B$7),SUMPRODUCT(Bobot_Filter!$B$4:$B$16,K18:K30),"") -> 0.99819292 | M24: =K24/INDEX($L$12:$L$59,MAX($B$6,MIN($A24,$B$7))) -> 0.92982113 | N24: =C24/M24 -> 269.94439 | O24: =IF(AND($A24>=$B$6,$A24<=$B$7),SUMPRODUCT(Bobot_Filter!$B$20:$B$32,N18:N30),"") -> 273.17665 | P24: =IF(ISNUMBER(O24),C24/O24,"") -> 0.91881937 | Q24: =IF(AND($A24+(-36)>=1,$A24+(-36)<=$B$8),INDEX($P$12:$P$59,$A24+(-36)),"") | R24: =IF(AND($A24+(-24)>=1,$A24+(-24)<=$B$8),INDEX($P$12:$P$59,$A24+(-24)),"") | S24: =IF(AND($A24+(-12)>=1,$A24+(-12)<=$B$8),INDEX($P$12:$P$59,$A24+(-12)),"") | T24: =IF(AND($A24+(0)>=1,$A24+(0)<=$B$8),INDEX($P$12:$P$59,$A24+(0)),"") -> 0.91881937 | U24: =IF(AND($A24+(12)>=1,$A24+(12)<=$B$8),INDEX($P$12:$P$59,$A24+(12)),"") -> 0.94164754 | V24: =IF(AND($A24+(24)>=1,$A24+(24)<=$B$8),INDEX($P$12:$P$59,$A24+(24)),"") -> 0.91561325 | W24: =IF(AND($A24+(36)>=1,$A24+(36)<=$B$8),INDEX($P$12:$P$59,$A24+(36)),"") | X24: =IF(SUMPRODUCT(Bobot_Filter!$B$43:$H$43,ISNUMBER(Q24:W24)*1)>0,SUMPRODUCT(Bobot_Filter!$B$43:$H$43,Q24:W24)/SUMPRODUCT(Bobot_Filter!$B$43:$H$43,ISNUMBER(Q24:W24)*1),"") -> 0.9265784 | Y24: =IF(AND($A24>=$B$6,$A24<=$B$7),SUMPRODUCT(Bobot_Filter!$B$4:$B$16,X18:X30),"") -> 0.99935121 | Z24: =X24/INDEX($Y$12:$Y$59,MAX($B$6,MIN($A24,$B$7))) -> 0.92717995 | AA24: =C24/Z24 -> 270.71336 | AB24: =IF(AND($A24>=$B$6,$A24<=$B$7),SUMPRODUCT(Bobot_Filter!$B$20:$B$32,AA18:AA30),"") -> 274.29151 | AC24: =IF(ISNUMBER(AB24),AA24/AB24,"") -> 0.98695495 | AD24: =$B$4+$B$3*A24 -> 271.81787 | AE24: =AD24*Z24 -> 252.02408 | AF24: =ABS(C24-AE24)/C24 -> 0.0040799909
A25: 14 | B25: =Data!B18 -> 44743 | C25: =Data!D18 -> 277 | D25: =IF(AND($A25>=$B$6,$A25<=$B$7),SUMPRODUCT(Bobot_Filter!$B$4:$B$16,C19:C31),"") -> 272.75 | E25: =IF(ISNUMBER(D25),C25/D25,"") -> 1.015582 | F25: =IF(AND($A25+(-24)>=1,$A25+(-24)<=$B$8),INDEX($E$12:$E$59,$A25+(-24)),"") | G25: =IF(AND($A25+(-12)>=1,$A25+(-12)<=$B$8),INDEX($E$12:$E$59,$A25+(-12)),"") | H25: =IF(AND($A25+(0)>=1,$A25+(0)<=$B$8),INDEX($E$12:$E$59,$A25+(0)),"") -> 1.015582 | I25: =IF(AND($A25+(12)>=1,$A25+(12)<=$B$8),INDEX($E$12:$E$59,$A25+(12)),"") -> 1.1105309 | J25: =IF(AND($A25+(24)>=1,$A25+(24)<=$B$8),INDEX($E$12:$E$59,$A25+(24)),"") -> 0.98652736 | K25: =IF(SUMPRODUCT(Bobot_Filter!$B$38:$F$38,ISNUMBER(F25:J25)*1)>0,SUMPRODUCT(Bobot_Filter!$B$38:$F$38,F25:J25)/SUMPRODUCT(Bobot_Filter!$B$38:$F$38,ISNUMBER(F25:J25)*1),"") -> 1.0423892 | L25: =IF(AND($A25>=$B$6,$A25<=$B$7),SUMPRODUCT(Bobot_Filter!$B$4:$B$16,K19:K31),"") -> 0.99794975 | M25: =K25/INDEX($L$12:$L$59,MAX($B$6,MIN($A25,$B$7))) -> 1.0445308 | N25: =C25/M25 -> 265.19085 | O25: =IF(AND($A25>=$B$6,$A25<=$B$7),SUMPRODUCT(Bobot_Filter!$B$20:$B$32,N19:N31),"") -> 273.95716 | P25: =IF(ISNUMBER(O25),C25/O25,"") -> 1.011107 | Q25: =IF(AND($A25+(-36)>=1,$A25+(-36)<=$B$8),INDEX($P$12:$P$59,$A25+(-36)),"") | R25: =IF(AND($A25+(-24)>=1,$A25+(-24)<=$B$8),INDEX($P$12:$P$59,$A25+(-24)),"") | S25: =IF(AND($A25+(-12)>=1,$A25+(-12)<=$B$8),INDEX($P$12:$P$59,$A25+(-12)),"") | T25: =IF(AND($A25+(0)>=1,$A25+(0)<=$B$8),INDEX($P$12:$P$59,$A25+(0)),"") -> 1.011107 | U25: =IF(AND($A25+(12)>=1,$A25+(12)<=$B$8),INDEX($P$12:$P$59,$A25+(12)),"") -> 1.0964981 | V25: =IF(AND($A25+(24)>=1,$A25+(24)<=$B$8),INDEX($P$12:$P$59,$A25+(24)),"") -> 1.0059962 | W25: =IF(AND($A25+(36)>=1,$A25+(36)<=$B$8),INDEX($P$12:$P$59,$A25+(36)),"") | X25: =IF(SUMPRODUCT(Bobot_Filter!$B$43:$H$43,ISNUMBER(Q25:W25)*1)>0,SUMPRODUCT(Bobot_Filter!$B$43:$H$43,Q25:W25)/SUMPRODUCT(Bobot_Filter!$B$43:$H$43,ISNUMBER(Q25:W25)*1),"") -> 1.041851 | Y25: =IF(AND($A25>=$B$6,$A25<=$B$7),SUMPRODUCT(Bobot_Filter!$B$4:$B$16,X19:X31),"") -> 0.99932316 | Z25: =X25/INDEX($Y$12:$Y$59,MAX($B$6,MIN($A25,$B$7))) -> 1.0425566 | AA25: =C25/Z25 -> 265.69301 | AB25: =IF(AND($A25>=$B$6,$A25<=$B$7),SUMPRODUCT(Bobot_Filter!$B$20:$B$32,AA19:AA31),"") -> 274.86061 | AC25: =IF(ISNUMBER(AB25),AA25/AB25,"") -> 0.96664637 | AD25: =$B$4+$B$3*A25 -> 273.05892 | AE25: =AD25*Z25 -> 284.67938 | AF25: =ABS(C25-AE25)/C25 -> 0.027723378
A26: 15 | B26: =Data!B19 -> 44774 | C26: =Data!D19 -> 256 | D26: =IF(AND($A26>=$B$6,$A26<=$B$7),SUMPRODUCT(Bobot_Filter!$B$4:$B$16,C20:C32),"") -> 272.75 | E26: =IF(ISNUMBER(D26),C26/D26,"") -> 0.93858845 | F26: =IF(AND($A26+(-24)>=1,$A26+(-24)<=$B$8),INDEX($E$12:$E$59,$A26+(-24)),"") | G26: =IF(AND($A26+(-12)>=1,$A26+(-12)<=$B$8),INDEX($E$12:$E$59,$A26+(-12)),"") | H26: =IF(AND($A26+(0)>=1,$A26+(0)<=$B$8),INDEX($E$12:$E$59,$A26+(0)),"") -> 0.93858845 | I26: =IF(AND($A26+(12)>=1,$A26+(12)<=$B$8),INDEX($E$12:$E$59,$A26+(12)),"") -> 0.88366762 | J26: =IF(AND($A26+(24)>=1,$A26+(24)<=$B$8),INDEX($E$12:$E$59,$A26+(24)),"") -> 0.94001643 | K26: =IF(SUMPRODUCT(Bobot_Filter!$B$38:$F$38,ISNUMBER(F26:J26)*1)>0,SUMPRODUCT(Bobot_Filter!$B$38:$F$38,F26:J26)/SUMPRODUCT(Bobot_Filter!$B$38:$F$38,ISNUMBER(F26:J26)*1),"") -> 0.92051951 | L26: =IF(AND($A26>=$B$6,$A26<=$B$7),SUMPRODUCT(Bobot_Filter!$B$4:$B$16,K20:K32),"") -> 0.99816398 | M26: =K26/INDEX($L$12:$L$59,MAX($B$6,MIN($A26,$B$7))) -> 0.92221271 | N26: =C26/M26 -> 277.59323 | O26: =IF(AND($A26>=$B$6,$A26<=$B$7),SUMPRODUCT(Bobot_Filter!$B$20:$B$32,N20:N32),"") -> 274.61349 | P26: =IF(ISNUMBER(O26),C26/O26,"") -> 0.93221933 | Q26: =IF(AND($A26+(-36)>=1,$A26+(-36)<=$B$8),INDEX($P$12:$P$59,$A26+(-36)),"") | R26: =IF(AND($A26+(-24)>=1,$A26+(-24)<=$B$8),INDEX($P$12:$P$59,$A26+(-24)),"") | S26: =IF(AND($A26+(-12)>=1,$A26+(-12)<=$B$8),INDEX($P$12:$P$59,$A26+(-12)),"") | T26: =IF(AND($A26+(0)>=1,$A26+(0)<=$B$8),INDEX($P$12:$P$59,$A26+(0)),"") -> 0.93221933 | U26: =IF(AND($A26+(12)>=1,$A26+(12)<=$B$8),INDEX($P$12:$P$59,$A26+(12)),"") -> 0.88107076 | V26: =IF(AND($A26+(24)>=1,$A26+(24)<=$B$8),INDEX($P$12:$P$59,$A26+(24)),"") -> 0.94820171 | W26: =IF(AND($A26+(36)>=1,$A26+(36)<=$B$8),INDEX($P$12:$P$59,$A26+(36)),"") | X26: =IF(SUMPRODUCT(Bobot_Filter!$B$43:$H$43,ISNUMBER(Q26:W26)*1)>0,SUMPRODUCT(Bobot_Filter!$B$43:$H$43,Q26:W26)/SUMPRODUCT(Bobot_Filter!$B$43:$H$43,ISNUMBER(Q26:W26)*1),"") -> 0.91703421 | Y26: =IF(AND($A26>=$B$6,$A26<=$B$7),SUMPRODUCT(Bobot_Filter!$B$4:$B$16,X20:X32),"") -> 0.99962096 | Z26: =X26/INDEX($Y$12:$Y$59,MAX($B$6,MIN($A26,$B$7))) -> 0.91738193 | AA26: =C26/Z26 -> 279.05498 | AB26: =IF(AND($A26>=$B$6,$A26<=$B$7),SUMPRODUCT(Bobot_Filter!$B$20:$B$32,AA20:AA32),"") -> 274.96552 | AC26: =IF(ISNUMBER(AB26),AA26/AB26,"") -> 1.0148727 | AD26: =$B$4+$B$3*A26 -> 274.29996 | AE26: =AD26*Z26 -> 251.63783 | AF26: =ABS(C26-AE26)/C26 -> 0.017039728
A27: 16 | B27: =Data!B20 -> 44805 | C27: =Data!D20 -> 247 | D27: =IF(AND($A27>=$B$6,$A27<=$B$7),SUMPRODUCT(Bobot_Filter!$B$4:$B$16,C21:C33),"") -> 275.29167 | E27: =IF(ISNUMBER(D27),C27/D27,"") -> 0.89723021 | F27: =IF(AND($A27+(-24)>=1,$A27+(-24)<=$B$8),INDEX($E$12:$E$59,$A27+(-24)),"") | G27: =IF(AND($A27+(-12)>=1,$A27+(-12)<=$B$8),INDEX($E$12:$E$59,$A27+(-12)),"") | H27: =IF(AND($A27+(0)>=1,$A27+(0)<=$B$8),INDEX($E$12:$E$59,$A27+(0)),"") -> 0.89723021 | I27: =IF(AND($A27+(12)>=1,$A27+(12)<=$B$8),INDEX($E$12:$E$59,$A27+(12)),"") -> 0.9707255 | J27: =IF(AND($A27+(24)>=1,$A27+(24)<=$B$8),INDEX($E$12:$E$59,$A27+(24)),"") -> 0.95582438 | K27: =IF(SUMPRODUCT(Bobot_Filter!$B$38:$F$38,ISNUMBER(F27:J27)*1)>0,SUMPRODUCT(Bobot_Filter!$B$38:$F$38,F27:J27)/SUMPRODUCT(Bobot_Filter!$B$38:$F$38,ISNUMBER(F27:J27)*1),"") -> 0.93149434 | L27: =IF(AND($A27>=$B$6,$A27<=$B$7),SUMPRODUCT(Bobot_Filter!$B$4:$B$16,K21:K33),"") -> 1.0004488 | M27: =K27/INDEX($L$12:$L$59,MAX($B$6,MIN($A27,$B$7))) -> 0.93107651 | N27: =C27/M27 -> 265.28432 | O27: =IF(AND($A27>=$B$6,$A27<=$B$7),SUMPRODUCT(Bobot_Filter!$B$20:$B$32,N21:N33),"") -> 275.07508 | P27: =IF(ISNUMBER(O27),C27/O27,"") -> 0.89793666 | Q27: =IF(AND($A27+(-36)>=1,$A27+(-36)<=$B$8),INDEX($P$12:$P$59,$A27+(-36)),"") | R27: =IF(AND($A27+(-24)>=1,$A27+(-24)<=$B$8),INDEX($P$12:$P$59,$A27+(-24)),"") | S27: =IF(AND($A27+(-12)>=1,$A27+(-12)<=$B$8),INDEX($P$12:$P$59,$A27+(-12)),"") | T27: =IF(AND($A27+(0)>=1,$A27+(0)<=$B$8),INDEX($P$12:$P$59,$A27+(0)),"") -> 0.89793666 | U27: =IF(AND($A27+(12)>=1,$A27+(12)<=$B$8),INDEX($P$12:$P$59,$A27+(12)),"") -> 0.97994515 | V27: =IF(AND($A27+(24)>=1,$A27+(24)<=$B$8),INDEX($P$12:$P$59,$A27+(24)),"") -> 0.95878253 | W27: =IF(AND($A27+(36)>=1,$A27+(36)<=$B$8),INDEX($P$12:$P$59,$A27+(36)),"") | X27: =IF(SUMPRODUCT(Bobot_Filter!$B$43:$H$43,ISNUMBER(Q27:W27)*1)>0,SUMPRODUCT(Bobot_Filter!$B$43:$H$43,Q27:W27)/SUMPRODUCT(Bobot_Filter!$B$43:$H$43,ISNUMBER(Q27:W27)*1),"") -> 0.94390131 | Y27: =IF(AND($A27>=$B$6,$A27<=$B$7),SUMPRODUCT(Bobot_Filter!$B$4:$B$16,X21:X33),"") -> 1.0003807 | Z27: =X27/INDEX($Y$12:$Y$59,MAX($B$6,MIN($A27,$B$7))) -> 0.94354212 | AA27: =C27/Z27 -> 261.77952 | AB27: =IF(AND($A27>=$B$6,$A27<=$B$7),SUMPRODUCT(Bobot_Filter!$B$20:$B$32,AA21:AA33),"") -> 274.9337 | AC27: =IF(ISNUMBER(AB27),AA27/AB27,"") -> 0.95215506 | AD27: =$B$4+$B$3*A27 -> 275.54101 | AE27: =AD27*Z27 -> 259.98455 | AF27: =ABS(C27-AE27)/C27 -> 0.052569024
A28: 17 | B28: =Data!B21 -> 44835 | C28: =Data!D21 -> 250 | D28: =IF(AND($A28>=$B$6,$A28<=$B$7),SUMPRODUCT(Bobot_Filter!$B$4:$B$16,C22:C34),"") -> 277.66667 | E28: =IF(ISNUMBER(D28),C28/D28,"") -> 0.90036014 | F28: =IF(AND($A28+(-24)>=1,$A28+(-24)<=$B$8),INDEX($E$12:$E$59,$A28+(-24)),"") | G28: =IF(AND($A28+(-12)>=1,$A28+(-12)<=$B$8),INDEX($E$12:$E$59,$A28+(-12)),"") | H28: =IF(AND($A28+(0)>=1,$A28+(0)<=$B$8),INDEX($E$12:$E$59,$A28+(0)),"") -> 0.90036014 | I28: =IF(AND($A28+(12)>=1,$A28+(12)<=$B$8),INDEX($E$12:$E$59,$A28+(12)),"") -> 0.85171103 | J28: =IF(AND($A28+(24)>=1,$A28+(24)<=$B$8),INDEX($E$12:$E$59,$A28+(24)),"") -> 0.91686844 | K28: =IF(SUMPRODUCT(Bobot_Filter!$B$38:$F$38,ISNUMBER(F28:J28)*1)>0,SUMPRODUCT(Bobot_Filter!$B$38:$F$38,F28:J28)/SUMPRODUCT(Bobot_Filter!$B$38:$F$38,ISNUMBER(F28:J28)*1),"") -> 0.88689515 | L28: =IF(AND($A28>=$B$6,$A28<=$B$7),SUMPRODUCT(Bobot_Filter!$B$4:$B$16,K22:K34),"") -> 1.0012578 | M28: =K28/INDEX($L$12:$L$59,MAX($B$6,MIN($A28,$B$7))) -> 0.88578098 | N28: =C28/M28 -> 282.23681 | O28: =IF(AND($A28>=$B$6,$A28<=$B$7),SUMPRODUCT(Bobot_Filter!$B$20:$B$32,N22:N34),"") -> 275.5539 | P28: =IF(ISNUMBER(O28),C28/O28,"") -> 0.90726352 | Q28: =IF(AND($A28+(-36)>=1,$A28+(-36)<=$B$8),INDEX($P$12:$P$59,$A28+(-36)),"") | R28: =IF(AND($A28+(-24)>=1,$A28+(-24)<=$B$8),INDEX($P$12:$P$59,$A28+(-24)),"") | S28: =IF(AND($A28+(-12)>=1,$A28+(-12)<=$B$8),INDEX($P$12:$P$59,$A28+(-12)),"") | T28: =IF(AND($A28+(0)>=1,$A28+(0)<=$B$8),INDEX($P$12:$P$59,$A28+(0)),"") -> 0.90726352 | U28: =IF(AND($A28+(12)>=1,$A28+(12)<=$B$8),INDEX($P$12:$P$59,$A28+(12)),"") -> 0.86013074 | V28: =IF(AND($A28+(24)>=1,$A28+(24)<=$B$8),INDEX($P$12:$P$59,$A28+(24)),"") -> 0.91930951 | W28: =IF(AND($A28+(36)>=1,$A28+(36)<=$B$8),INDEX($P$12:$P$59,$A28+(36)),"") | X28: =IF(SUMPRODUCT(Bobot_Filter!$B$43:$H$43,ISNUMBER(Q28:W28)*1)>0,SUMPRODUCT(Bobot_Filter!$B$43:$H$43,Q28:W28)/SUMPRODUCT(Bobot_Filter!$B$43:$H$43,ISNUMBER(Q28:W28)*1),"") -> 0.89260022 | Y28: =IF(AND($A28>=$B$6,$A28<=$B$7),SUMPRODUCT(Bobot_Filter!$B$4:$B$16,X22:X34),"") -> 1.0004171 | Z28: =X28/INDEX($Y$12:$Y$59,MAX($B$6,MIN($A28,$B$7))) -> 0.89222804 | AA28: =C28/Z28 -> 280.19743 | AB28: =IF(AND($A28>=$B$6,$A28<=$B$7),SUMPRODUCT(Bobot_Filter!$B$20:$B$32,AA22:AA34),"") -> 275.28237 | AC28: =IF(ISNUMBER(AB28),AA28/AB28,"") -> 1.0178546 | AD28: =$B$4+$B$3*A28 -> 276.78206 | AE28: =AD28*Z28 -> 246.95271 | AF28: =ABS(C28-AE28)/C28 -> 0.01218915
A29: 18 | B29: =Data!B22 -> 44866 | C29: =Data!D22 -> 264 | D29: =IF(AND($A29>=$B$6,$A29<=$B$7),SUMPRODUCT(Bobot_Filter!$B$4:$B$16,C23:C35),"") -> 276.75 | E29: =IF(ISNUMBER(D29),C29/D29,"") -> 0.95392954 | F29: =IF(AND($A29+(-24)>=1,$A29+(-24)<=$B$8),INDEX($E$12:$E$59,$A29+(-24)),"") | G29: =IF(AND($A29+(-12)>=1,$A29+(-12)<=$B$8),INDEX($E$12:$E$59,$A29+(-12)),"") | H29: =IF(AND($A29+(0)>=1,$A29+(0)<=$B$8),INDEX($E$12:$E$59,$A29+(0)),"") -> 0.95392954 | I29: =IF(AND($A29+(12)>=1,$A29+(12)<=$B$8),INDEX($E$12:$E$59,$A29+(12)),"") -> 0.92021427 | J29: =IF(AND($A29+(24)>=1,$A29+(24)<=$B$8),INDEX($E$12:$E$59,$A29+(24)),"") -> 0.88161952 | K29: =IF(SUMPRODUCT(Bobot_Filter!$B$38:$F$38,ISNUMBER(F29:J29)*1)>0,SUMPRODUCT(Bobot_Filter!$B$38:$F$38,F29:J29)/SUMPRODUCT(Bobot_Filter!$B$38:$F$38,ISNUMBER(F29:J29)*1),"") -> 0.93063944 | L29: =IF(AND($A29>=$B$6,$A29<=$B$7),SUMPRODUCT(Bobot_Filter!$B$4:$B$16,K23:K35),"") -> 0.99885779 | M29: =K29/INDEX($L$12:$L$59,MAX($B$6,MIN($A29,$B$7))) -> 0.93170365 | N29: =C29/M29 -> 283.3519 | O29: =IF(AND($A29>=$B$6,$A29<=$B$7),SUMPRODUCT(Bobot_Filter!$B$20:$B$32,N23:N35),"") -> 276.7221 | P29: =IF(ISNUMBER(O29),C29/O29,"") -> 0.95402571 | Q29: =IF(AND($A29+(-36)>=1,$A29+(-36)<=$B$8),INDEX($P$12:$P$59,$A29+(-36)),"") | R29: =IF(AND($A29+(-24)>=1,$A29+(-24)<=$B$8),INDEX($P$12:$P$59,$A29+(-24)),"") | S29: =IF(AND($A29+(-12)>=1,$A29+(-12)<=$B$8),INDEX($P$12:$P$59,$A29+(-12)),"") | T29: =IF(AND($A29+(0)>=1,$A29+(0)<=$B$8),INDEX($P$12:$P$59,$A29+(0)),"") -> 0.95402571 | U29: =IF(AND($A29+(12)>=1,$A29+(12)<=$B$8),INDEX($P$12:$P$59,$A29+(12)),"") -> 0.9212082 | V29: =IF(AND($A29+(24)>=1,$A29+(24)<=$B$8),INDEX($P$12:$P$59,$A29+(24)),"") -> 0.87769545 | W29: =IF(AND($A29+(36)>=1,$A29+(36)<=$B$8),INDEX($P$12:$P$59,$A29+(36)),"") | X29: =IF(SUMPRODUCT(Bobot_Filter!$B$43:$H$43,ISNUMBER(Q29:W29)*1)>0,SUMPRODUCT(Bobot_Filter!$B$43:$H$43,Q29:W29)/SUMPRODUCT(Bobot_Filter!$B$43:$H$43,ISNUMBER(Q29:W29)*1),"") -> 0.92263658 | Y29: =IF(AND($A29>=$B$6,$A29<=$B$7),SUMPRODUCT(Bobot_Filter!$B$4:$B$16,X23:X35),"") -> 0.99969243 | Z29: =X29/INDEX($Y$12:$Y$59,MAX($B$6,MIN($A29,$B$7))) -> 0.92292043 | AA29: =C29/Z29 -> 286.04849 | AB29: =IF(AND($A29>=$B$6,$A29<=$B$7),SUMPRODUCT(Bobot_Filter!$B$20:$B$32,AA23:AA35),"") -> 276.76364 | AC29: =IF(ISNUMBER(AB29),AA29/AB29,"") -> 1.0335479 | AD29: =$B$4+$B$3*A29 -> 278.0231 | AE29: =AD29*Z29 -> 256.5932 | AF29: =ABS(C29-AE29)/C29 -> 0.028056045
A30: 19 | B30: =Data!B23 -> 44896 | C30: =Data!D23 -> 320 | D30: =IF(AND($A30>=$B$6,$A30<=$B$7),SUMPRODUCT(Bobot_Filter!$B$4:$B$16,C24:C36),"") -> 276.45833 | E30: =IF(ISNUMBER(D30),C30/D30,"") -> 1.1574981 | F30: =IF(AND($A30+(-24)>=1,$A30+(-24)<=$B$8),INDEX($E$12:$E$59,$A30+(-24)),"") | G30: =IF(AND($A30+(-12)>=1,$A30+(-12)<=$B$8),INDEX($E$12:$E$59,$A30+(-12)),"") -> 1.13374 | H30: =IF(AND($A30+(0)>=1,$A30+(0)<=$B$8),INDEX($E$12:$E$59,$A30+(0)),"") -> 1.1574981 | I30: =IF(AND($A30+(12)>=1,$A30+(12)<=$B$8),INDEX($E$12:$E$59,$A30+(12)),"") -> 1.0758853 | J30: =IF(AND($A30+(24)>=1,$A30+(24)<=$B$8),INDEX($E$12:$E$59,$A30+(24)),"") | K30: =IF(SUMPRODUCT(Bobot_Filter!$B$38:$F$38,ISNUMBER(F30:J30)*1)>0,SUMPRODUCT(Bobot_Filter!$B$38:$F$38,F30:J30)/SUMPRODUCT(Bobot_Filter!$B$38:$F$38,ISNUMBER(F30:J30)*1),"") -> 1.1273922 | L30: =IF(AND($A30>=$B$6,$A30<=$B$7),SUMPRODUCT(Bobot_Filter!$B$4:$B$16,K24:K36),"") -> 0.99767257 | M30: =K30/INDEX($L$12:$L$59,MAX($B$6,MIN($A30,$B$7))) -> 1.1300222 | N30: =C30/M30 -> 283.18028 | O30: =IF(AND($A30>=$B$6,$A30<=$B$7),SUMPRODUCT(Bobot_Filter!$B$20:$B$32,N24:N36),"") -> 277.16 | P30: =IF(ISNUMBER(O30),C30/O30,"") -> 1.1545677 | Q30: =IF(AND($A30+(-36)>=1,$A30+(-36)<=$B$8),INDEX($P$12:$P$59,$A30+(-36)),"") | R30: =IF(AND($A30+(-24)>=1,$A30+(-24)<=$B$8),INDEX($P$12:$P$59,$A30+(-24)),"") | S30: =IF(AND($A30+(-12)>=1,$A30+(-12)<=$B$8),INDEX($P$12:$P$59,$A30+(-12)),"") -> 1.1292174 | T30: =IF(AND($A30+(0)>=1,$A30+(0)<=$B$8),INDEX($P$12:$P$59,$A30+(0)),"") -> 1.1545677 | U30: =IF(AND($A30+(12)>=1,$A30+(12)<=$B$8),INDEX($P$12:$P$59,$A30+(12)),"") -> 1.0695491 | V30: =IF(AND($A30+(24)>=1,$A30+(24)<=$B$8),INDEX($P$12:$P$59,$A30+(24)),"") | W30: =IF(AND($A30+(36)>=1,$A30+(36)<=$B$8),INDEX($P$12:$P$59,$A30+(36)),"") | X30: =IF(SUMPRODUCT(Bobot_Filter!$B$43:$H$43,ISNUMBER(Q30:W30)*1)>0,SUMPRODUCT(Bobot_Filter!$B$43:$H$43,Q30:W30)/SUMPRODUCT(Bobot_Filter!$B$43:$H$43,ISNUMBER(Q30:W30)*1),"") -> 1.1177781 | Y30: =IF(AND($A30>=$B$6,$A30<=$B$7),SUMPRODUCT(Bobot_Filter!$B$4:$B$16,X24:X36),"") -> 0.99956557 | Z30: =X30/INDEX($Y$12:$Y$59,MAX($B$6,MIN($A30,$B$7))) -> 1.1182639 | AA30: =C30/Z30 -> 286.15786 | AB30: =IF(AND($A30>=$B$6,$A30<=$B$7),SUMPRODUCT(Bobot_Filter!$B$20:$B$32,AA24:AA36),"") -> 277.37302 | AC30: =IF(ISNUMBER(AB30),AA30/AB30,"") -> 1.0316716 | AD30: =$B$4+$B$3*A30 -> 279.26415 | AE30: =AD30*Z30 -> 312.29101 | AF30: =ABS(C30-AE30)/C30 -> 0.024090585
A31: 20 | B31: =Data!B24 -> 44927 | C31: =Data!D24 -> 278 | D31: =IF(AND($A31>=$B$6,$A31<=$B$7),SUMPRODUCT(Bobot_Filter!$B$4:$B$16,C25:C37),"") -> 279.08333 | E31: =IF(ISNUMBER(D31),C31/D31,"") -> 0.99611824 | F31: =IF(AND($A31+(-24)>=1,$A31+(-24)<=$B$8),INDEX($E$12:$E$59,$A31+(-24)),"") | G31: =IF(AND($A31+(-12)>=1,$A31+(-12)<=$B$8),INDEX($E$12:$E$59,$A31+(-12)),"") -> 1.0761326 | H31: =IF(AND($A31+(0)>=1,$A31+(0)<=$B$8),INDEX($E$12:$E$59,$A31+(0)),"") -> 0.99611824 | I31: =IF(AND($A31+(12)>=1,$A31+(12)<=$B$8),INDEX($E$12:$E$59,$A31+(12)),"") -> 1.129969 | J31: =IF(AND($A31+(24)>=1,$A31+(24)<=$B$8),INDEX($E$12:$E$59,$A31+(24)),"") | K31: =IF(SUMPRODUCT(Bobot_Filter!$B$38:$F$38,ISNUMBER(F31:J31)*1)>0,SUMPRODUCT(Bobot_Filter!$B$38:$F$38,F31:J31)/SUMPRODUCT(Bobot_Filter!$B$38:$F$38,ISNUMBER(F31:J31)*1),"") -> 1.0572226 | L31: =IF(AND($A31>=$B$6,$A31<=$B$7),SUMPRODUCT(Bobot_Filter!$B$4:$B$16,K25:K37),"") -> 0.99790909 | M31: =K31/INDEX($L$12:$L$59,MAX($B$6,MIN($A31,$B$7))) -> 1.0594378 | N31: =C31/M31 -> 262.40333 | O31: =IF(AND($A31>=$B$6,$A31<=$B$7),SUMPRODUCT(Bobot_Filter!$B$20:$B$32,N25:N37),"") -> 276.64159 | P31: =IF(ISNUMBER(O31),C31/O31,"") -> 1.0049103 | Q31: =IF(AND($A31+(-36)>=1,$A31+(-36)<=$B$8),INDEX($P$12:$P$59,$A31+(-36)),"") | R31: =IF(AND($A31+(-24)>=1,$A31+(-24)<=$B$8),INDEX($P$12:$P$59,$A31+(-24)),"") | S31: =IF(AND($A31+(-12)>=1,$A31+(-12)<=$B$8),INDEX($P$12:$P$59,$A31+(-12)),"") -> 1.0833158 | T31: =IF(AND($A31+(0)>=1,$A31+(0)<=$B$8),INDEX($P$12:$P$59,$A31+(0)),"") -> 1.0049103 | U31: =IF(AND($A31+(12)>=1,$A31+(12)<=$B$8),INDEX($P$12:$P$59,$A31+(12)),"") -> 1.1083771 | V31: =IF(AND($A31+(24)>=1,$A31+(24)<=$B$8),INDEX($P$12:$P$59,$A31+(24)),"") | W31: =IF(AND($A31+(36)>=1,$A31+(36)<=$B$8),INDEX($P$12:$P$59,$A31+(36)),"") | X31: =IF(SUMPRODUCT(Bobot_Filter!$B$43:$H$43,ISNUMBER(Q31:W31)*1)>0,SUMPRODUCT(Bobot_Filter!$B$43:$H$43,Q31:W31)/SUMPRODUCT(Bobot_Filter!$B$43:$H$43,ISNUMBER(Q31:W31)*1),"") -> 1.0655344 | Y31: =IF(AND($A31>=$B$6,$A31<=$B$7),SUMPRODUCT(Bobot_Filter!$B$4:$B$16,X25:X37),"") -> 0.99934881 | Z31: =X31/INDEX($Y$12:$Y$59,MAX($B$6,MIN($A31,$B$7))) -> 1.0662287 | AA31: =C31/Z31 -> 260.73204 | AB31: =IF(AND($A31>=$B$6,$A31<=$B$7),SUMPRODUCT(Bobot_Filter!$B$20:$B$32,AA25:AA37),"") -> 276.6588 | AC31: =IF(ISNUMBER(AB31),AA31/AB31,"") -> 0.94243178 | AD31: =$B$4+$B$3*A31 -> 280.5052 | AE31: =AD31*Z31 -> 299.08271 | AF31: =ABS(C31-AE31)/C31 -> 0.075837072
A32: 21 | B32: =Data!B25 -> 44958 | C32: =Data!D25 -> 254 | D32: =IF(AND($A32>=$B$6,$A32<=$B$7),SUMPRODUCT(Bobot_Filter!$B$4:$B$16,C26:C38),"") -> 280.875 | E32: =IF(ISNUMBER(D32),C32/D32,"") -> 0.90431687 | F32: =IF(AND($A32+(-24)>=1,$A32+(-24)<=$B$8),INDEX($E$12:$E$59,$A32+(-24)),"") | G32: =IF(AND($A32+(-12)>=1,$A32+(-12)<=$B$8),INDEX($E$12:$E$59,$A32+(-12)),"") -> 0.90538033 | H32: =IF(AND($A32+(0)>=1,$A32+(0)<=$B$8),INDEX($E$12:$E$59,$A32+(0)),"") -> 0.90431687 | I32: =IF(AND($A32+(12)>=1,$A32+(12)<=$B$8),INDEX($E$12:$E$59,$A32+(12)),"") -> 0.95959454 | J32: =IF(AND($A32+(24)>=1,$A32+(24)<=$B$8),INDEX($E$12:$E$59,$A32+(24)),"") | K32: =IF(SUMPRODUCT(Bobot_Filter!$B$38:$F$38,ISNUMBER(F32:J32)*1)>0,SUMPRODUCT(Bobot_Filter!$B$38:$F$38,F32:J32)/SUMPRODUCT(Bobot_Filter!$B$38:$F$38,ISNUMBER(F32:J32)*1),"") -> 0.92041433 | L32: =IF(AND($A32>=$B$6,$A32<=$B$7),SUMPRODUCT(Bobot_Filter!$B$4:$B$16,K26:K38),"") -> 0.9979309 | M32: =K32/INDEX($L$12:$L$59,MAX($B$6,MIN($A32,$B$7))) -> 0.92232272 | N32: =C32/M32 -> 275.39168 | O32: =IF(AND($A32>=$B$6,$A32<=$B$7),SUMPRODUCT(Bobot_Filter!$B$20:$B$32,N26:N38),"") -> 276.91905 | P32: =IF(ISNUMBER(O32),C32/O32,"") -> 0.91723556 | Q32: =IF(AND($A32+(-36)>=1,$A32+(-36)<=$B$8),INDEX($P$12:$P$59,$A32+(-36)),"") | R32: =IF(AND($A32+(-24)>=1,$A32+(-24)<=$B$8),INDEX($P$12:$P$59,$A32+(-24)),"") | S32: =IF(AND($A32+(-12)>=1,$A32+(-12)<=$B$8),INDEX($P$12:$P$59,$A32+(-12)),"") -> 0.91863435 | T32: =IF(AND($A32+(0)>=1,$A32+(0)<=$B$8),INDEX($P$12:$P$59,$A32+(0)),"") -> 0.91723556 | U32: =IF(AND($A32+(12)>=1,$A32+(12)<=$B$8),INDEX($P$12:$P$59,$A32+(12)),"") -> 0.93943921 | V32: =IF(AND($A32+(24)>=1,$A32+(24)<=$B$8),INDEX($P$12:$P$59,$A32+(24)),"") | W32: =IF(AND($A32+(36)>=1,$A32+(36)<=$B$8),INDEX($P$12:$P$59,$A32+(36)),"") | X32: =IF(SUMPRODUCT(Bobot_Filter!$B$43:$H$43,ISNUMBER(Q32:W32)*1)>0,SUMPRODUCT(Bobot_Filter!$B$43:$H$43,Q32:W32)/SUMPRODUCT(Bobot_Filter!$B$43:$H$43,ISNUMBER(Q32:W32)*1),"") -> 0.92510304 | Y32: =IF(AND($A32>=$B$6,$A32<=$B$7),SUMPRODUCT(Bobot_Filter!$B$4:$B$16,X26:X38),"") -> 0.99932711 | Z32: =X32/INDEX($Y$12:$Y$59,MAX($B$6,MIN($A32,$B$7))) -> 0.92572595 | AA32: =C32/Z32 -> 274.37926 | AB32: =IF(AND($A32>=$B$6,$A32<=$B$7),SUMPRODUCT(Bobot_Filter!$B$20:$B$32,AA26:AA38),"") -> 276.62344 | AC32: =IF(ISNUMBER(AB32),AA32/AB32,"") -> 0.99188724 | AD32: =$B$4+$B$3*A32 -> 281.74625 | AE32: =AD32*Z32 -> 260.81981 | AF32: =ABS(C32-AE32)/C32 -> 0.026849652
A33: 22 | B33: =Data!B26 -> 44986 | C33: =Data!D26 -> 297 | D33: =IF(AND($A33>=$B$6,$A33<=$B$7),SUMPRODUCT(Bobot_Filter!$B$4:$B$16,C27:C39),"") -> 282.54167 | E33: =IF(ISNUMBER(D33),C33/D33,"") -> 1.0511724 | F33: =IF(AND($A33+(-24)>=1,$A33+(-24)<=$B$8),INDEX($E$12:$E$59,$A33+(-24)),"") | G33: =IF(AND($A33+(-12)>=1,$A33+(-12)<=$B$8),INDEX($E$12:$E$59,$A33+(-12)),"") -> 0.90956709 | H33: =IF(AND($A33+(0)>=1,$A33+(0)<=$B$8),INDEX($E$12:$E$59,$A33+(0)),"") -> 1.0511724 | I33: =IF(AND($A33+(12)>=1,$A33+(12)<=$B$8),INDEX($E$12:$E$59,$A33+(12)),"") -> 1.2035299 | J33: =IF(AND($A33+(24)>=1,$A33+(24)<=$B$8),INDEX($E$12:$E$59,$A33+(24)),"") | K33: =IF(SUMPRODUCT(Bobot_Filter!$B$38:$F$38,ISNUMBER(F33:J33)*1)>0,SUMPRODUCT(Bobot_Filter!$B$38:$F$38,F33:J33)/SUMPRODUCT(Bobot_Filter!$B$38:$F$38,ISNUMBER(F33:J33)*1),"") -> 1.0542445 | L33: =IF(AND($A33>=$B$6,$A33<=$B$7),SUMPRODUCT(Bobot_Filter!$B$4:$B$16,K27:K39),"") -> 0.99830233 | M33: =K33/INDEX($L$12:$L$59,MAX($B$6,MIN($A33,$B$7))) -> 1.0560373 | N33: =C33/M33 -> 281.24008 | O33: =IF(AND($A33>=$B$6,$A33<=$B$7),SUMPRODUCT(Bobot_Filter!$B$20:$B$32,N27:N39),"") -> 278.44044 | P33: =IF(ISNUMBER(O33),C33/O33,"") -> 1.0666554 | Q33: =IF(AND($A33+(-36)>=1,$A33+(-36)<=$B$8),INDEX($P$12:$P$59,$A33+(-36)),"") | R33: =IF(AND($A33+(-24)>=1,$A33+(-24)<=$B$8),INDEX($P$12:$P$59,$A33+(-24)),"") | S33: =IF(AND($A33+(-12)>=1,$A33+(-12)<=$B$8),INDEX($P$12:$P$59,$A33+(-12)),"") -> 0.91984318 | T33: =IF(AND($A33+(0)>=1,$A33+(0)<=$B$8),INDEX($P$12:$P$59,$A33+(0)),"") -> 1.0666554 | U33: =IF(AND($A33+(12)>=1,$A33+(12)<=$B$8),INDEX($P$12:$P$59,$A33+(12)),"") -> 1.1905452 | V33: =IF(AND($A33+(24)>=1,$A33+(24)<=$B$8),INDEX($P$12:$P$59,$A33+(24)),"") | W33: =IF(AND($A33+(36)>=1,$A33+(36)<=$B$8),INDEX($P$12:$P$59,$A33+(36)),"") | X33: =IF(SUMPRODUCT(Bobot_Filter!$B$43:$H$43,ISNUMBER(Q33:W33)*1)>0,SUMPRODUCT(Bobot_Filter!$B$43:$H$43,Q33:W33)/SUMPRODUCT(Bobot_Filter!$B$43:$H$43,ISNUMBER(Q33:W33)*1),"") -> 1.0590146 | Y33: =IF(AND($A33>=$B$6,$A33<=$B$7),SUMPRODUCT(Bobot_Filter!$B$4:$B$16,X27:X39),"") -> 0.9995403 | Z33: =X33/INDEX($Y$12:$Y$59,MAX($B$6,MIN($A33,$B$7))) -> 1.0595016 | AA33: =C33/Z33 -> 280.32047 | AB33: =IF(AND($A33>=$B$6,$A33<=$B$7),SUMPRODUCT(Bobot_Filter!$B$20:$B$32,AA27:AA39),"") -> 277.92172 | AC33: =IF(ISNUMBER(AB33),AA33/AB33,"") -> 1.008631 | AD33: =$B$4+$B$3*A33 -> 282.98729 | AE33: =AD33*Z33 -> 299.8255 | AF33: =ABS(C33-AE33)/C33 -> 0.0095134664
A34: 23 | B34: =Data!B27 -> 45017 | C34: =Data!D27 -> 352 | D34: =IF(AND($A34>=$B$6,$A34<=$B$7),SUMPRODUCT(Bobot_Filter!$B$4:$B$16,C28:C40),"") -> 284.25 | E34: =IF(ISNUMBER(D34),C34/D34,"") -> 1.2383465 | F34: =IF(AND($A34+(-24)>=1,$A34+(-24)<=$B$8),INDEX($E$12:$E$59,$A34+(-24)),"") | G34: =IF(AND($A34+(-12)>=1,$A34+(-12)<=$B$8),INDEX($E$12:$E$59,$A34+(-12)),"") -> 1.282273 | H34: =IF(AND($A34+(0)>=1,$A34+(0)<=$B$8),INDEX($E$12:$E$59,$A34+(0)),"") -> 1.2383465 | I34: =IF(AND($A34+(12)>=1,$A34+(12)<=$B$8),INDEX($E$12:$E$59,$A34+(12)),"") -> 1.0732795 | J34: =IF(AND($A34+(24)>=1,$A34+(24)<=$B$8),INDEX($E$12:$E$59,$A34+(24)),"") | K34: =IF(SUMPRODUCT(Bobot_Filter!$B$38:$F$38,ISNUMBER(F34:J34)*1)>0,SUMPRODUCT(Bobot_Filter!$B$38:$F$38,F34:J34)/SUMPRODUCT(Bobot_Filter!$B$38:$F$38,ISNUMBER(F34:J34)*1),"") -> 1.2037349 | L34: =IF(AND($A34>=$B$6,$A34<=$B$7),SUMPRODUCT(Bobot_Filter!$B$4:$B$16,K28:K40),"") -> 0.99877346 | M34: =K34/INDEX($L$12:$L$59,MAX($B$6,MIN($A34,$B$7))) -> 1.2052132 | N34: =C34/M34 -> 292.06451 | O34: =IF(AND($A34>=$B$6,$A34<=$B$7),SUMPRODUCT(Bobot_Filter!$B$20:$B$32,N28:N40),"") -> 281.40482 | P34: =IF(ISNUMBER(O34),C34/O34,"") -> 1.250867 | Q34: =IF(AND($A34+(-36)>=1,$A34+(-36)<=$B$8),INDEX($P$12:$P$59,$A34+(-36)),"") | R34: =IF(AND($A34+(-24)>=1,$A34+(-24)<=$B$8),INDEX($P$12:$P$59,$A34+(-24)),"") | S34: =IF(AND($A34+(-12)>=1,$A34+(-12)<=$B$8),INDEX($P$12:$P$59,$A34+(-12)),"") -> 1.2793551 | T34: =IF(AND($A34+(0)>=1,$A34+(0)<=$B$8),INDEX($P$12:$P$59,$A34+(0)),"") -> 1.250867 | U34: =IF(AND($A34+(12)>=1,$A34+(12)<=$B$8),INDEX($P$12:$P$59,$A34+(12)),"") -> 1.0783138 | V34: =IF(AND($A34+(24)>=1,$A34+(24)<=$B$8),INDEX($P$12:$P$59,$A34+(24)),"") | W34: =IF(AND($A34+(36)>=1,$A34+(36)<=$B$8),INDEX($P$12:$P$59,$A34+(36)),"") | X34: =IF(SUMPRODUCT(Bobot_Filter!$B$43:$H$43,ISNUMBER(Q34:W34)*1)>0,SUMPRODUCT(Bobot_Filter!$B$43:$H$43,Q34:W34)/SUMPRODUCT(Bobot_Filter!$B$43:$H$43,ISNUMBER(Q34:W34)*1),"") -> 1.2028453 | Y34: =IF(AND($A34>=$B$6,$A34<=$B$7),SUMPRODUCT(Bobot_Filter!$B$4:$B$16,X28:X40),"") -> 0.99973285 | Z34: =X34/INDEX($Y$12:$Y$59,MAX($B$6,MIN($A34,$B$7))) -> 1.2031667 | AA34: =C34/Z34 -> 292.56128 | AB34: =IF(AND($A34>=$B$6,$A34<=$B$7),SUMPRODUCT(Bobot_Filter!$B$20:$B$32,AA28:AA40),"") -> 280.99066 | AC34: =IF(ISNUMBER(AB34),AA34/AB34,"") -> 1.041178 | AD34: =$B$4+$B$3*A34 -> 284.22834 | AE34: =AD34*Z34 -> 341.97408 | AF34: =ABS(C34-AE34)/C34 -> 0.02848273
A35: 24 | B35: =Data!B28 -> 45047 | C35: =Data!D28 -> 261 | D35: =IF(AND($A35>=$B$6,$A35<=$B$7),SUMPRODUCT(Bobot_Filter!$B$4:$B$16,C29:C41),"") -> 284.66667 | E35: =IF(ISNUMBER(D35),C35/D35,"") -> 0.91686183 | F35: =IF(AND($A35+(-24)>=1,$A35+(-24)<=$B$8),INDEX($E$12:$E$59,$A35+(-24)),"") | G35: =IF(AND($A35+(-12)>=1,$A35+(-12)<=$B$8),INDEX($E$12:$E$59,$A35+(-12)),"") -> 1.0675696 | H35: =IF(AND($A35+(0)>=1,$A35+(0)<=$B$8),INDEX($E$12:$E$59,$A35+(0)),"") -> 0.91686183 | I35: =IF(AND($A35+(12)>=1,$A35+(12)<=$B$8),INDEX($E$12:$E$59,$A35+(12)),"") -> 0.9484193 | J35: =IF(AND($A35+(24)>=1,$A35+(24)<=$B$8),INDEX($E$12:$E$59,$A35+(24)),"") | K35: =IF(SUMPRODUCT(Bobot_Filter!$B$38:$F$38,ISNUMBER(F35:J35)*1)>0,SUMPRODUCT(Bobot_Filter!$B$38:$F$38,F35:J35)/SUMPRODUCT(Bobot_Filter!$B$38:$F$38,ISNUMBER(F35:J35)*1),"") -> 0.96893763 | L35: =IF(AND($A35>=$B$6,$A35<=$B$7),SUMPRODUCT(Bobot_Filter!$B$4:$B$16,K29:K41),"") -> 0.99816983 | M35: =K35/INDEX($L$12:$L$59,MAX($B$6,MIN($A35,$B$7))) -> 0.9707142 | N35: =C35/M35 -> 268.8742 | O35: =IF(AND($A35>=$B$6,$A35<=$B$7),SUMPRODUCT(Bobot_Filter!$B$20:$B$32,N29:N41),"") -> 285.28709 | P35: =IF(ISNUMBER(O35),C35/O35,"") -> 0.91486791 | Q35: =IF(AND($A35+(-36)>=1,$A35+(-36)<=$B$8),INDEX($P$12:$P$59,$A35+(-36)),"") | R35: =IF(AND($A35+(-24)>=1,$A35+(-24)<=$B$8),INDEX($P$12:$P$59,$A35+(-24)),"") | S35: =IF(AND($A35+(-12)>=1,$A35+(-12)<=$B$8),INDEX($P$12:$P$59,$A35+(-12)),"") -> 1.0607814 | T35: =IF(AND($A35+(0)>=1,$A35+(0)<=$B$8),INDEX($P$12:$P$59,$A35+(0)),"") -> 0.91486791 | U35: =IF(AND($A35+(12)>=1,$A35+(12)<=$B$8),INDEX($P$12:$P$59,$A35+(12)),"") -> 0.96590741 | V35: =IF(AND($A35+(24)>=1,$A35+(24)<=$B$8),INDEX($P$12:$P$59,$A35+(24)),"") | W35: =IF(AND($A35+(36)>=1,$A35+(36)<=$B$8),INDEX($P$12:$P$59,$A35+(36)),"") | X35: =IF(SUMPRODUCT(Bobot_Filter!$B$43:$H$43,ISNUMBER(Q35:W35)*1)>0,SUMPRODUCT(Bobot_Filter!$B$43:$H$43,Q35:W35)/SUMPRODUCT(Bobot_Filter!$B$43:$H$43,ISNUMBER(Q35:W35)*1),"") -> 0.98051891 | Y35: =IF(AND($A35>=$B$6,$A35<=$B$7),SUMPRODUCT(Bobot_Filter!$B$4:$B$16,X29:X41),"") -> 0.99964844 | Z35: =X35/INDEX($Y$12:$Y$59,MAX($B$6,MIN($A35,$B$7))) -> 0.98086374 | AA35: =C35/Z35 -> 266.09201 | AB35: =IF(AND($A35>=$B$6,$A35<=$B$7),SUMPRODUCT(Bobot_Filter!$B$20:$B$32,AA29:AA41),"") -> 285.26707 | AC35: =IF(ISNUMBER(AB35),AA35/AB35,"") -> 0.93278206 | AD35: =$B$4+$B$3*A35 -> 285.46939 | AE35: =AD35*Z35 -> 280.00657 | AF35: =ABS(C35-AE35)/C35 -> 0.07282211
... A59: 48 | B59: =Data!B52 -> 45778 | C59: =Data!D52 -> 278 | D59: =IF(AND($A59>=$B$6,$A59<=$B$7),SUMPRODUCT(Bobot_Filter!$B$4:$B$16,C53:C65),"") | E59: =IF(ISNUMBER(D59),C59/D59,"") | F59: =IF(AND($A59+(-24)>=1,$A59+(-24)<=$B$8),INDEX($E$12:$E$59,$A59+(-24)),"") -> 0.91686183 | G59: =IF(AND($A59+(-12)>=1,$A59+(-12)<=$B$8),INDEX($E$12:$E$59,$A59+(-12)),"") -> 0.9484193 | H59: =IF(AND($A59+(0)>=1,$A59+(0)<=$B$8),INDEX($E$12:$E$59,$A59+(0)),"") | I59: =IF(AND($A59+(12)>=1,$A59+(12)<=$B$8),INDEX($E$12:$E$59,$A59+(12)),"") | J59: =IF(AND($A59+(24)>=1,$A59+(24)<=$B$8),INDEX($E$12:$E$59,$A59+(24)),"") | K59: =IF(SUMPRODUCT(Bobot_Filter!$B$38:$F$38,ISNUMBER(F59:J59)*1)>0,SUMPRODUCT(Bobot_Filter!$B$38:$F$38,F59:J59)/SUMPRODUCT(Bobot_Filter!$B$38:$F$38,ISNUMBER(F59:J59)*1),"") -> 0.93790014 | L59: =IF(AND($A59>=$B$6,$A59<=$B$7),SUMPRODUCT(Bobot_Filter!$B$4:$B$16,K53:K65),"") | M59: =K59/INDEX($L$12:$L$59,MAX($B$6,MIN($A59,$B$7))) -> 0.93933207 | N59: =C59/M59 -> 295.95498 | O59: =IF(AND($A59>=$B$6,$A59<=$B$7),SUMPRODUCT(Bobot_Filter!$B$20:$B$32,N53:N65),"") | P59: =IF(ISNUMBER(O59),C59/O59,"") | Q59: =IF(AND($A59+(-36)>=1,$A59+(-36)<=$B$8),INDEX($P$12:$P$59,$A59+(-36)),"") -> 1.0607814 | R59: =IF(AND($A59+(-24)>=1,$A59+(-24)<=$B$8),INDEX($P$12:$P$59,$A59+(-24)),"") -> 0.91486791 | S59: =IF(AND($A59+(-12)>=1,$A59+(-12)<=$B$8),INDEX($P$12:$P$59,$A59+(-12)),"") -> 0.96590741 | T59: =IF(AND($A59+(0)>=1,$A59+(0)<=$B$8),INDEX($P$12:$P$59,$A59+(0)),"") | U59: =IF(AND($A59+(12)>=1,$A59+(12)<=$B$8),INDEX($P$12:$P$59,$A59+(12)),"") | V59: =IF(AND($A59+(24)>=1,$A59+(24)<=$B$8),INDEX($P$12:$P$59,$A59+(24)),"") | W59: =IF(AND($A59+(36)>=1,$A59+(36)<=$B$8),INDEX($P$12:$P$59,$A59+(36)),"") | X59: =IF(SUMPRODUCT(Bobot_Filter!$B$43:$H$43,ISNUMBER(Q59:W59)*1)>0,SUMPRODUCT(Bobot_Filter!$B$43:$H$43,Q59:W59)/SUMPRODUCT(Bobot_Filter!$B$43:$H$43,ISNUMBER(Q59:W59)*1),"") -> 0.96470657 | Y59: =IF(AND($A59>=$B$6,$A59<=$B$7),SUMPRODUCT(Bobot_Filter!$B$4:$B$16,X53:X65),"") | Z59: =X59/INDEX($Y$12:$Y$59,MAX($B$6,MIN($A59,$B$7))) -> 0.96532506 | AA59: =C59/Z59 -> 287.98589 | AB59: =IF(AND($A59>=$B$6,$A59<=$B$7),SUMPRODUCT(Bobot_Filter!$B$20:$B$32,AA53:AA65),"") | AC59: =IF(ISNUMBER(AB59),AA59/AB59,"") | AD59: =$B$4+$B$3*A59 -> 315.25452 | AE59: =AD59*Z59 -> 304.32309 | AF59: =ABS(C59-AE59)/C59 -> 0.094687366
A60: 49 | B60: =EDATE(B59,1) -> 45809 | C60: =Data!D53 -> 330 | Z60: =Z48 -> 0.92721126 | AD60: =$B$4+$B$3*A60 -> 316.49557 | AE60: =AD60*Z60 -> 293.45825 | AF60: =ABS(C60-AE60)/C60 -> 0.11073257
A61: 50 | B61: =EDATE(B60,1) -> 45839 | C61: =Data!D54 -> 375 | Z61: =Z49 -> 1.0424661 | AD61: =$B$4+$B$3*A61 -> 317.73661 | AE61: =AD61*Z61 -> 331.22965 | AF61: =ABS(C61-AE61)/C61 -> 0.11672095
A62: 51 | B62: =EDATE(B61,1) -> 45870 | C62: =Data!D55 -> 317 | Z62: =Z50 -> 0.91979126 | AD62: =$B$4+$B$3*A62 -> 318.97766 | AE62: =AD62*Z62 -> 293.39286 | AF62: =ABS(C62-AE62)/C62 -> 0.07447046
A63: 52 | B63: =EDATE(B62,1) -> 45901 | C63: =Data!D56 -> 306 | Z63: =Z51 -> 0.95108823 | AD63: =$B$4+$B$3*A63 -> 320.21871 | AE63: =AD63*Z63 -> 304.55625 | AF63: =ABS(C63-AE63)/C63 -> 0.0047181506
A64: 53 | B64: =EDATE(B63,1) -> 45931 | C64: =Data!D57 -> 285 | Z64: =Z52 -> 0.89357185 | AD64: =$B$4+$B$3*A64 -> 321.45976 | AE64: =AD64*Z64 -> 287.24739 | AF64: =ABS(C64-AE64)/C64 -> 0.0078855684
A65: 54 | B65: =EDATE(B64,1) -> 45962 | C65: =Data!D58 -> 311 | Z65: =Z53 -> 0.91368069 | AD65: =$B$4+$B$3*A65 -> 322.7008 | AE65: =AD65*Z65 -> 294.84549 | AF65: =ABS(C65-AE65)/C65 -> 0.051943754
A66: 55 | B66: =EDATE(B65,1) -> 45992 | C66: =Data!D59 -> 364 | Z66: =Z54 -> 1.1085436 | AD66: =$B$4+$B$3*A66 -> 323.94185 | AE66: =AD66*Z66 -> 359.10366 | AF66: =ABS(C66-AE66)/C66 -> 0.013451473
A67: 56 | B67: =EDATE(B66,1) -> 46023 | C67: =Data!D60 -> 343 | Z67: =Z55 -> 1.0703971 | AD67: =$B$4+$B$3*A67 -> 325.1829 | AE67: =AD67*Z67 -> 348.07484 | AF67: =ABS(C67-AE67)/C67 -> 0.014795439
A68: 57 | B68: =EDATE(B67,1) -> 46054 | C68: =Data!D61 -> 336 | Z68: =Z56 -> 0.92916584 | AD68: =$B$4+$B$3*A68 -> 326.42394 | AE68: =AD68*Z68 -> 303.30198 | AF68: =ABS(C68-AE68)/C68 -> 0.097315546
A69: 58 | B69: =EDATE(B68,1) -> 46082 | C69: =Data!D62 -> 405 | Z69: =Z57 -> 1.1048395 | AD69: =$B$4+$B$3*A69 -> 327.66499 | AE69: =AD69*Z69 -> 362.01721 | AF69: =ABS(C69-AE69)/C69 -> 0.10613035
A70: 59 | B70: =EDATE(B69,1) -> 46113 | C70: =Data!D63 -> 322 | Z70: =Z58 -> 1.1700881 | AD70: =$B$4+$B$3*A70 -> 328.90604 | AE70: =AD70*Z70 -> 384.84904 | AF70: =ABS(C70-AE70)/C70 -> 0.19518335
A71: 60 | B71: =EDATE(B70,1) -> 46143 | C71: =Data!D64 -> 295 | Z71: =Z59 -> 0.96532506 | AD71: =$B$4+$B$3*A71 -> 330.14709 | AE71: =AD71*Z71 -> 318.69926 | AF71: =ABS(C71-AE71)/C71 -> 0.080336458

Sheet Census_NasiGoreng
A1: DEKOMPOSISI CENSUS II (X-11 sederhana, multiplikatif) - Nasi Goreng Spesial - FINAL (latih 60 bulan, ramal 12 bulan ke depan)
A3: Slope tren (per bulan) | B3: =SLOPE(AB18:AB65,A18:A65) -> 1.5490696 | C3: Langkah: (1) tren awal = MA 2x12; (2) SI = Y/tren; (3) musiman awal = filter 3x3 pada SI per bulan kalender, dinormalisasi MA 2x12; (4) Y disesuaikan = Y/S;
A4: Intersep tren | B4: =INTERCEPT(AB18:AB65,A18:A65) -> 249.48675 | C4: (5) tren = Henderson 13 pada Y disesuaikan; (6) ulangi dengan filter 3x5 -> S final & tren final; (7) tren diekstrapolasi linear (SLOPE/INTERCEPT atas tren Henderson).
A5: MAPE holdout | B5: n/a (lihat sheet _Uji) | C5: Fitted/Ramalan = tren linear x S final (bulan ke depan memakai S bulan kalender yang sama). Di ujung data, bobot filter yang tidak tersedia dibuang & sisanya dinormalisasi ulang.
A6: t pertama tren tersedia | B6: 7 | C6: Kolom kosong = nilai belum tersedia (tepi data). Bobot filter di sheet Bobot_Filter.
A7: t terakhir tren tersedia | B7: =B8-6 -> 54
A8: n (jumlah data latih) | B8: 60
A9: MAPE in-sample (t=13..60) | B9: =AVERAGE(AF24:AF71) -> 0.040226036
A10: Data | D10: Iterasi 1 (musiman 3x3) | P10: Iterasi 2 (musiman 3x5) & hasil final | AD10: Fitted / Ramalan
A11: t | B11: Periode | C11: Y | D11: T1: MA 2x12 | E11: SI1 = Y/T1 | F11: SI1 t-24 | G11: SI1 t-12 | H11: SI1 t | I11: SI1 t+12 | J11: SI1 t+24 | K11: S1 mentah (3x3) | L11: MA 2x12 dari S1 | M11: S1 (dinormalisasi) | N11: A1 = Y/S1 | O11: T2: Henderson 13 | P11: SI2 = Y/T2 | Q11: SI2 t-36 | R11: SI2 t-24 | S11: SI2 t-12 | T11: SI2 t | U11: SI2 t+12 | V11: SI2 t+24 | W11: SI2 t+36 | X11: S2 mentah (3x5) | Y11: MA 2x12 dari S2 | Z11: S2 final | AA11: A2 = Y/S2 | AB11: T3: tren final (Henderson 13) | AC11: I = A2/T3 | AD11: Tren linear | AE11: Fitted / Ramalan | AF11: APE
A12: 1 | B12: =Data!B5 -> 44348 | C12: =Data!D5 -> 230 | D12: =IF(AND($A12>=$B$6,$A12<=$B$7),SUMPRODUCT(Bobot_Filter!$B$4:$B$16,C6:C18),"") | E12: =IF(ISNUMBER(D12),C12/D12,"") | F12: =IF(AND($A12+(-24)>=1,$A12+(-24)<=$B$8),INDEX($E$12:$E$71,$A12+(-24)),"") | G12: =IF(AND($A12+(-12)>=1,$A12+(-12)<=$B$8),INDEX($E$12:$E$71,$A12+(-12)),"") | H12: =IF(AND($A12+(0)>=1,$A12+(0)<=$B$8),INDEX($E$12:$E$71,$A12+(0)),"") | I12: =IF(AND($A12+(12)>=1,$A12+(12)<=$B$8),INDEX($E$12:$E$71,$A12+(12)),"") -> 0.92138269 | J12: =IF(AND($A12+(24)>=1,$A12+(24)<=$B$8),INDEX($E$12:$E$71,$A12+(24)),"") -> 0.95452552 | K12: =IF(SUMPRODUCT(Bobot_Filter!$B$38:$F$38,ISNUMBER(F12:J12)*1)>0,SUMPRODUCT(Bobot_Filter!$B$38:$F$38,F12:J12)/SUMPRODUCT(Bobot_Filter!$B$38:$F$38,ISNUMBER(F12:J12)*1),"") -> 0.9324303 | L12: =IF(AND($A12>=$B$6,$A12<=$B$7),SUMPRODUCT(Bobot_Filter!$B$4:$B$16,K6:K18),"") | M12: =K12/INDEX($L$12:$L$71,MAX($B$6,MIN($A12,$B$7))) -> 0.93344844 | N12: =C12/M12 -> 246.39818 | O12: =IF(AND($A12>=$B$6,$A12<=$B$7),SUMPRODUCT(Bobot_Filter!$B$20:$B$32,N6:N18),"") | P12: =IF(ISNUMBER(O12),C12/O12,"") | Q12: =IF(AND($A12+(-36)>=1,$A12+(-36)<=$B$8),INDEX($P$12:$P$71,$A12+(-36)),"") | R12: =IF(AND($A12+(-24)>=1,$A12+(-24)<=$B$8),INDEX($P$12:$P$71,$A12+(-24)),"") | S12: =IF(AND($A12+(-12)>=1,$A12+(-12)<=$B$8),INDEX($P$12:$P$71,$A12+(-12)),"") | T12: =IF(AND($A12+(0)>=1,$A12+(0)<=$B$8),INDEX($P$12:$P$71,$A12+(0)),"") | U12: =IF(AND($A12+(12)>=1,$A12+(12)<=$B$8),INDEX($P$12:$P$71,$A12+(12)),"") -> 0.91892683 | V12: =IF(AND($A12+(24)>=1,$A12+(24)<=$B$8),INDEX($P$12:$P$71,$A12+(24)),"") -> 0.94209742 | W12: =IF(AND($A12+(36)>=1,$A12+(36)<=$B$8),INDEX($P$12:$P$71,$A12+(36)),"") -> 0.91764785 | X12: =IF(SUMPRODUCT(Bobot_Filter!$B$43:$H$43,ISNUMBER(Q12:W12)*1)>0,SUMPRODUCT(Bobot_Filter!$B$43:$H$43,Q12:W12)/SUMPRODUCT(Bobot_Filter!$B$43:$H$43,ISNUMBER(Q12:W12)*1),"") -> 0.9264372 | Y12: =IF(AND($A12>=$B$6,$A12<=$B$7),SUMPRODUCT(Bobot_Filter!$B$4:$B$16,X6:X18),"") | Z12: =X12/INDEX($Y$12:$Y$71,MAX($B$6,MIN($A12,$B$7))) -> 0.92743579 | AA12: =C12/Z12 -> 247.99561 | AB12: =IF(AND($A12>=$B$6,$A12<=$B$7),SUMPRODUCT(Bobot_Filter!$B$20:$B$32,AA6:AA18),"") | AC12: =IF(ISNUMBER(AB12),AA12/AB12,"") | AD12: =$B$4+$B$3*A12 -> 251.03582 | AE12: =AD12*Z12 -> 232.8196
A13: 2 | B13: =Data!B6 -> 44378 | C13: =Data!D6 -> 268 | D13: =IF(AND($A13>=$B$6,$A13<=$B$7),SUMPRODUCT(Bobot_Filter!$B$4:$B$16,C7:C19),"") | E13: =IF(ISNUMBER(D13),C13/D13,"") | F13: =IF(AND($A13+(-24)>=1,$A13+(-24)<=$B$8),INDEX($E$12:$E$71,$A13+(-24)),"") | G13: =IF(AND($A13+(-12)>=1,$A13+(-12)<=$B$8),INDEX($E$12:$E$71,$A13+(-12)),"") | H13: =IF(AND($A13+(0)>=1,$A13+(0)<=$B$8),INDEX($E$12:$E$71,$A13+(0)),"") | I13: =IF(AND($A13+(12)>=1,$A13+(12)<=$B$8),INDEX($E$12:$E$71,$A13+(12)),"") -> 1.015582 | J13: =IF(AND($A13+(24)>=1,$A13+(24)<=$B$8),INDEX($E$12:$E$71,$A13+(24)),"") -> 1.1105309 | K13: =IF(SUMPRODUCT(Bobot_Filter!$B$38:$F$38,ISNUMBER(F13:J13)*1)>0,SUMPRODUCT(Bobot_Filter!$B$38:$F$38,F13:J13)/SUMPRODUCT(Bobot_Filter!$B$38:$F$38,ISNUMBER(F13:J13)*1),"") -> 1.0472317 | L13: =IF(AND($A13>=$B$6,$A13<=$B$7),SUMPRODUCT(Bobot_Filter!$B$4:$B$16,K7:K19),"") | M13: =K13/INDEX($L$12:$L$71,MAX($B$6,MIN($A13,$B$7))) -> 1.0483752 | N13: =C13/M13 -> 255.63368 | O13: =IF(AND($A13>=$B$6,$A13<=$B$7),SUMPRODUCT(Bobot_Filter!$B$20:$B$32,N7:N19),"") | P13: =IF(ISNUMBER(O13),C13/O13,"") | Q13: =IF(AND($A13+(-36)>=1,$A13+(-36)<=$B$8),INDEX($P$12:$P$71,$A13+(-36)),"") | R13: =IF(AND($A13+(-24)>=1,$A13+(-24)<=$B$8),INDEX($P$12:$P$71,$A13+(-24)),"") | S13: =IF(AND($A13+(-12)>=1,$A13+(-12)<=$B$8),INDEX($P$12:$P$71,$A13+(-12)),"") | T13: =IF(AND($A13+(0)>=1,$A13+(0)<=$B$8),INDEX($P$12:$P$71,$A13+(0)),"") | U13: =IF(AND($A13+(12)>=1,$A13+(12)<=$B$8),INDEX($P$12:$P$71,$A13+(12)),"") -> 1.011008 | V13: =IF(AND($A13+(24)>=1,$A13+(24)<=$B$8),INDEX($P$12:$P$71,$A13+(24)),"") -> 1.0975385 | W13: =IF(AND($A13+(36)>=1,$A13+(36)<=$B$8),INDEX($P$12:$P$71,$A13+(36)),"") -> 1.0089181 | X13: =IF(SUMPRODUCT(Bobot_Filter!$B$43:$H$43,ISNUMBER(Q13:W13)*1)>0,SUMPRODUCT(Bobot_Filter!$B$43:$H$43,Q13:W13)/SUMPRODUCT(Bobot_Filter!$B$43:$H$43,ISNUMBER(Q13:W13)*1),"") -> 1.0395032 | Y13: =IF(AND($A13>=$B$6,$A13<=$B$7),SUMPRODUCT(Bobot_Filter!$B$4:$B$16,X7:X19),"") | Z13: =X13/INDEX($Y$12:$Y$71,MAX($B$6,MIN($A13,$B$7))) -> 1.0406237 | AA13: =C13/Z13 -> 257.53787 | AB13: =IF(AND($A13>=$B$6,$A13<=$B$7),SUMPRODUCT(Bobot_Filter!$B$20:$B$32,AA7:AA19),"") | AC13: =IF(ISNUMBER(AB13),AA13/AB13,"") | AD13: =$B$4+$B$3*A13 -> 252.58489 | AE13: =AD13*Z13 -> 262.84581
A14: 3 | B14: =Data!B7 -> 44409 | C14: =Data!D7 -> 220 | D14: =IF(AND($A14>=$B$6,$A14<=$B$7),SUMPRODUCT(Bobot_Filter!$B$4:$B$16,C8:C20),"") | E14: =IF(ISNUMBER(D14),C14/D14,"") | F14: =IF(AND($A14+(-24)>=1,$A14+(-24)<=$B$8),INDEX($E$12:$E$71,$A14+(-24)),"") | G14: =IF(AND($A14+(-12)>=1,$A14+(-12)<=$B$8),INDEX($E$12:$E$71,$A14+(-12)),"") | H14: =IF(AND($A14+(0)>=1,$A14+(0)<=$B$8),INDEX($E$12:$E$71,$A14+(0)),"") | I14: =IF(AND($A14+(12)>=1,$A14+(12)<=$B$8),INDEX($E$12:$E$71,$A14+(12)),"") -> 0.93858845 | J14: =IF(AND($A14+(24)>=1,$A14+(24)<=$B$8),INDEX($E$12:$E$71,$A14+(24)),"") -> 0.88366762 | K14: =IF(SUMPRODUCT(Bobot_Filter!$B$38:$F$38,ISNUMBER(F14:J14)*1)>0,SUMPRODUCT(Bobot_Filter!$B$38:$F$38,F14:J14)/SUMPRODUCT(Bobot_Filter!$B$38:$F$38,ISNUMBER(F14:J14)*1),"") -> 0.92028151 | L14: =IF(AND($A14>=$B$6,$A14<=$B$7),SUMPRODUCT(Bobot_Filter!$B$4:$B$16,K8:K20),"") | M14: =K14/INDEX($L$12:$L$71,MAX($B$6,MIN($A14,$B$7))) -> 0.92128638 | N14: =C14/M14 -> 238.79654 | O14: =IF(AND($A14>=$B$6,$A14<=$B$7),SUMPRODUCT(Bobot_Filter!$B$20:$B$32,N8:N20),"") | P14: =IF(ISNUMBER(O14),C14/O14,"") | Q14: =IF(AND($A14+(-36)>=1,$A14+(-36)<=$B$8),INDEX($P$12:$P$71,$A14+(-36)),"") | R14: =IF(AND($A14+(-24)>=1,$A14+(-24)<=$B$8),INDEX($P$12:$P$71,$A14+(-24)),"") | S14: =IF(AND($A14+(-12)>=1,$A14+(-12)<=$B$8),INDEX($P$12:$P$71,$A14+(-12)),"") | T14: =IF(AND($A14+(0)>=1,$A14+(0)<=$B$8),INDEX($P$12:$P$71,$A14+(0)),"") | U14: =IF(AND($A14+(12)>=1,$A14+(12)<=$B$8),INDEX($P$12:$P$71,$A14+(12)),"") -> 0.93184865 | V14: =IF(AND($A14+(24)>=1,$A14+(24)<=$B$8),INDEX($P$12:$P$71,$A14+(24)),"") -> 0.88213688 | W14: =IF(AND($A14+(36)>=1,$A14+(36)<=$B$8),INDEX($P$12:$P$71,$A14+(36)),"") -> 0.9509606 | X14: =IF(SUMPRODUCT(Bobot_Filter!$B$43:$H$43,ISNUMBER(Q14:W14)*1)>0,SUMPRODUCT(Bobot_Filter!$B$43:$H$43,Q14:W14)/SUMPRODUCT(Bobot_Filter!$B$43:$H$43,ISNUMBER(Q14:W14)*1),"") -> 0.91846339 | Y14: =IF(AND($A14>=$B$6,$A14<=$B$7),SUMPRODUCT(Bobot_Filter!$B$4:$B$16,X8:X20),"") | Z14: =X14/INDEX($Y$12:$Y$71,MAX($B$6,MIN($A14,$B$7))) -> 0.91945338 | AA14: =C14/Z14 -> 239.2726 | AB14: =IF(AND($A14>=$B$6,$A14<=$B$7),SUMPRODUCT(Bobot_Filter!$B$20:$B$32,AA8:AA20),"") | AC14: =IF(ISNUMBER(AB14),AA14/AB14,"") | AD14: =$B$4+$B$3*A14 -> 254.13396 | AE14: =AD14*Z14 -> 233.66433
A15: 4 | B15: =Data!B8 -> 44440 | C15: =Data!D8 -> 260 | D15: =IF(AND($A15>=$B$6,$A15<=$B$7),SUMPRODUCT(Bobot_Filter!$B$4:$B$16,C9:C21),"") | E15: =IF(ISNUMBER(D15),C15/D15,"") | F15: =IF(AND($A15+(-24)>=1,$A15+(-24)<=$B$8),INDEX($E$12:$E$71,$A15+(-24)),"") | G15: =IF(AND($A15+(-12)>=1,$A15+(-12)<=$B$8),INDEX($E$12:$E$71,$A15+(-12)),"") | H15: =IF(AND($A15+(0)>=1,$A15+(0)<=$B$8),INDEX($E$12:$E$71,$A15+(0)),"") | I15: =IF(AND($A15+(12)>=1,$A15+(12)<=$B$8),INDEX($E$12:$E$71,$A15+(12)),"") -> 0.89723021 | J15: =IF(AND($A15+(24)>=1,$A15+(24)<=$B$8),INDEX($E$12:$E$71,$A15+(24)),"") -> 0.9707255 | K15: =IF(SUMPRODUCT(Bobot_Filter!$B$38:$F$38,ISNUMBER(F15:J15)*1)>0,SUMPRODUCT(Bobot_Filter!$B$38:$F$38,F15:J15)/SUMPRODUCT(Bobot_Filter!$B$38:$F$38,ISNUMBER(F15:J15)*1),"") -> 0.92172864 | L15: =IF(AND($A15>=$B$6,$A15<=$B$7),SUMPRODUCT(Bobot_Filter!$B$4:$B$16,K9:K21),"") | M15: =K15/INDEX($L$12:$L$71,MAX($B$6,MIN($A15,$B$7))) -> 0.9227351 | N15: =C15/M15 -> 281.77101 | O15: =IF(AND($A15>=$B$6,$A15<=$B$7),SUMPRODUCT(Bobot_Filter!$B$20:$B$32,N9:N21),"") | P15: =IF(ISNUMBER(O15),C15/O15,"") | Q15: =IF(AND($A15+(-36)>=1,$A15+(-36)<=$B$8),INDEX($P$12:$P$71,$A15+(-36)),"") | R15: =IF(AND($A15+(-24)>=1,$A15+(-24)<=$B$8),INDEX($P$12:$P$71,$A15+(-24)),"") | S15: =IF(AND($A15+(-12)>=1,$A15+(-12)<=$B$8),INDEX($P$12:$P$71,$A15+(-12)),"") | T15: =IF(AND($A15+(0)>=1,$A15+(0)<=$B$8),INDEX($P$12:$P$71,$A15+(0)),"") | U15: =IF(AND($A15+(12)>=1,$A15+(12)<=$B$8),INDEX($P$12:$P$71,$A15+(12)),"") -> 0.89696946 | V15: =IF(AND($A15+(24)>=1,$A15+(24)<=$B$8),INDEX($P$12:$P$71,$A15+(24)),"") -> 0.98005587 | W15: =IF(AND($A15+(36)>=1,$A15+(36)<=$B$8),INDEX($P$12:$P$71,$A15+(36)),"") -> 0.95959081 | X15: =IF(SUMPRODUCT(Bobot_Filter!$B$43:$H$43,ISNUMBER(Q15:W15)*1)>0,SUMPRODUCT(Bobot_Filter!$B$43:$H$43,Q15:W15)/SUMPRODUCT(Bobot_Filter!$B$43:$H$43,ISNUMBER(Q15:W15)*1),"") -> 0.93510182 | Y15: =IF(AND($A15>=$B$6,$A15<=$B$7),SUMPRODUCT(Bobot_Filter!$B$4:$B$16,X9:X21),"") | Z15: =X15/INDEX($Y$12:$Y$71,MAX($B$6,MIN($A15,$B$7))) -> 0.93610976 | AA15: =C15/Z15 -> 277.74521 | AB15: =IF(AND($A15>=$B$6,$A15<=$B$7),SUMPRODUCT(Bobot_Filter!$B$20:$B$32,AA9:AA21),"") | AC15: =IF(ISNUMBER(AB15),AA15/AB15,"") | AD15: =$B$4+$B$3*A15 -> 255.68303 | AE15: =AD15*Z15 -> 239.34738
A16: 5 | B16: =Data!B9 -> 44470 | C16: =Data!D9 -> 252 | D16: =IF(AND($A16>=$B$6,$A16<=$B$7),SUMPRODUCT(Bobot_Filter!$B$4:$B$16,C10:C22),"") | E16: =IF(ISNUMBER(D16),C16/D16,"") | F16: =IF(AND($A16+(-24)>=1,$A16+(-24)<=$B$8),INDEX($E$12:$E$71,$A16+(-24)),"") | G16: =IF(AND($A16+(-12)>=1,$A16+(-12)<=$B$8),INDEX($E$12:$E$71,$A16+(-12)),"") | H16: =IF(AND($A16+(0)>=1,$A16+(0)<=$B$8),INDEX($E$12:$E$71,$A16+(0)),"") | I16: =IF(AND($A16+(12)>=1,$A16+(12)<=$B$8),INDEX($E$12:$E$71,$A16+(12)),"") -> 0.90036014 | J16: =IF(AND($A16+(24)>=1,$A16+(24)<=$B$8),INDEX($E$12:$E$71,$A16+(24)),"") -> 0.85171103 | K16: =IF(SUMPRODUCT(Bobot_Filter!$B$38:$F$38,ISNUMBER(F16:J16)*1)>0,SUMPRODUCT(Bobot_Filter!$B$38:$F$38,F16:J16)/SUMPRODUCT(Bobot_Filter!$B$38:$F$38,ISNUMBER(F16:J16)*1),"") -> 0.88414377 | L16: =IF(AND($A16>=$B$6,$A16<=$B$7),SUMPRODUCT(Bobot_Filter!$B$4:$B$16,K10:K22),"") | M16: =K16/INDEX($L$12:$L$71,MAX($B$6,MIN($A16,$B$7))) -> 0.88510919 | N16: =C16/M16 -> 284.71064 | O16: =IF(AND($A16>=$B$6,$A16<=$B$7),SUMPRODUCT(Bobot_Filter!$B$20:$B$32,N10:N22),"") | P16: =IF(ISNUMBER(O16),C16/O16,"") | Q16: =IF(AND($A16+(-36)>=1,$A16+(-36)<=$B$8),INDEX($P$12:$P$71,$A16+(-36)),"") | R16: =IF(AND($A16+(-24)>=1,$A16+(-24)<=$B$8),INDEX($P$12:$P$71,$A16+(-24)),"") | S16: =IF(AND($A16+(-12)>=1,$A16+(-12)<=$B$8),INDEX($P$12:$P$71,$A16+(-12)),"") | T16: =IF(AND($A16+(0)>=1,$A16+(0)<=$B$8),INDEX($P$12:$P$71,$A16+(0)),"") | U16: =IF(AND($A16+(12)>=1,$A16+(12)<=$B$8),INDEX($P$12:$P$71,$A16+(12)),"") -> 0.9062241 | V16: =IF(AND($A16+(24)>=1,$A16+(24)<=$B$8),INDEX($P$12:$P$71,$A16+(24)),"") -> 0.85919605 | W16: =IF(AND($A16+(36)>=1,$A16+(36)<=$B$8),INDEX($P$12:$P$71,$A16+(36)),"") -> 0.91786671 | X16: =IF(SUMPRODUCT(Bobot_Filter!$B$43:$H$43,ISNUMBER(Q16:W16)*1)>0,SUMPRODUCT(Bobot_Filter!$B$43:$H$43,Q16:W16)/SUMPRODUCT(Bobot_Filter!$B$43:$H$43,ISNUMBER(Q16:W16)*1),"") -> 0.89248852 | Y16: =IF(AND($A16>=$B$6,$A16<=$B$7),SUMPRODUCT(Bobot_Filter!$B$4:$B$16,X10:X22),"") | Z16: =X16/INDEX($Y$12:$Y$71,MAX($B$6,MIN($A16,$B$7))) -> 0.89345052 | AA16: =C16/Z16 -> 282.05255 | AB16: =IF(AND($A16>=$B$6,$A16<=$B$7),SUMPRODUCT(Bobot_Filter!$B$20:$B$32,AA10:AA22),"") | AC16: =IF(ISNUMBER(AB16),AA16/AB16,"") | AD16: =$B$4+$B$3*A16 -> 257.2321 | AE16: =AD16*Z16 -> 229.82415
A17: 6 | B17: =Data!B10 -> 44501 | C17: =Data!D10 -> 241 | D17: =IF(AND($A17>=$B$6,$A17<=$B$7),SUMPRODUCT(Bobot_Filter!$B$4:$B$16,C11:C23),"") | E17: =IF(ISNUMBER(D17),C17/D17,"") | F17: =IF(AND($A17+(-24)>=1,$A17+(-24)<=$B$8),INDEX($E$12:$E$71,$A17+(-24)),"") | G17: =IF(AND($A17+(-12)>=1,$A17+(-12)<=$B$8),INDEX($E$12:$E$71,$A17+(-12)),"") | H17: =IF(AND($A17+(0)>=1,$A17+(0)<=$B$8),INDEX($E$12:$E$71,$A17+(0)),"") | I17: =IF(AND($A17+(12)>=1,$A17+(12)<=$B$8),INDEX($E$12:$E$71,$A17+(12)),"") -> 0.95392954 | J17: =IF(AND($A17+(24)>=1,$A17+(24)<=$B$8),INDEX($E$12:$E$71,$A17+(24)),"") -> 0.92021427 | K17: =IF(SUMPRODUCT(Bobot_Filter!$B$38:$F$38,ISNUMBER(F17:J17)*1)>0,SUMPRODUCT(Bobot_Filter!$B$38:$F$38,F17:J17)/SUMPRODUCT(Bobot_Filter!$B$38:$F$38,ISNUMBER(F17:J17)*1),"") -> 0.94269111 | L17: =IF(AND($A17>=$B$6,$A17<=$B$7),SUMPRODUCT(Bobot_Filter!$B$4:$B$16,K11:K23),"") | M17: =K17/INDEX($L$12:$L$71,MAX($B$6,MIN($A17,$B$7))) -> 0.94372046 | N17: =C17/M17 -> 255.37223 | O17: =IF(AND($A17>=$B$6,$A17<=$B$7),SUMPRODUCT(Bobot_Filter!$B$20:$B$32,N11:N23),"") | P17: =IF(ISNUMBER(O17),C17/O17,"") | Q17: =IF(AND($A17+(-36)>=1,$A17+(-36)<=$B$8),INDEX($P$12:$P$71,$A17+(-36)),"") | R17: =IF(AND($A17+(-24)>=1,$A17+(-24)<=$B$8),INDEX($P$12:$P$71,$A17+(-24)),"") | S17: =IF(AND($A17+(-12)>=1,$A17+(-12)<=$B$8),INDEX($P$12:$P$71,$A17+(-12)),"") | T17: =IF(AND($A17+(0)>=1,$A17+(0)<=$B$8),INDEX($P$12:$P$71,$A17+(0)),"") | U17: =IF(AND($A17+(12)>=1,$A17+(12)<=$B$8),INDEX($P$12:$P$71,$A17+(12)),"") -> 0.95388229 | V17: =IF(AND($A17+(24)>=1,$A17+(24)<=$B$8),INDEX($P$12:$P$71,$A17+(24)),"") -> 0.9201205 | W17: =IF(AND($A17+(36)>=1,$A17+(36)<=$B$8),INDEX($P$12:$P$71,$A17+(36)),"") -> 0.87546431 | X17: =IF(SUMPRODUCT(Bobot_Filter!$B$43:$H$43,ISNUMBER(Q17:W17)*1)>0,SUMPRODUCT(Bobot_Filter!$B$43:$H$43,Q17:W17)/SUMPRODUCT(Bobot_Filter!$B$43:$H$43,ISNUMBER(Q17:W17)*1),"") -> 0.9295587 | Y17: =IF(AND($A17>=$B$6,$A17<=$B$7),SUMPRODUCT(Bobot_Filter!$B$4:$B$16,X11:X23),"") | Z17: =X17/INDEX($Y$12:$Y$71,MAX($B$6,MIN($A17,$B$7))) -> 0.93056065 | AA17: =C17/Z17 -> 258.98366 | AB17: =IF(AND($A17>=$B$6,$A17<=$B$7),SUMPRODUCT(Bobot_Filter!$B$20:$B$32,AA11:AA23),"") | AC17: =IF(ISNUMBER(AB17),AA17/AB17,"") | AD17: =$B$4+$B$3*A17 -> 258.78117 | AE17: =AD17*Z17 -> 240.81157
A18: 7 | B18: =Data!B11 -> 44531 | C18: =Data!D11 -> 302 | D18: =IF(AND($A18>=$B$6,$A18<=$B$7),SUMPRODUCT(Bobot_Filter!$B$4:$B$16,C12:C24),"") -> 266.375 | E18: =IF(ISNUMBER(D18),C18/D18,"") -> 1.13374 | F18: =IF(AND($A18+(-24)>=1,$A18+(-24)<=$B$8),INDEX($E$12:$E$71,$A18+(-24)),"") | G18: =IF(AND($A18+(-12)>=1,$A18+(-12)<=$B$8),INDEX($E$12:$E$71,$A18+(-12)),"") | H18: =IF(AND($A18+(0)>=1,$A18+(0)<=$B$8),INDEX($E$12:$E$71,$A18+(0)),"") -> 1.13374 | I18: =IF(AND($A18+(12)>=1,$A18+(12)<=$B$8),INDEX($E$12:$E$71,$A18+(12)),"") -> 1.1574981 | J18: =IF(AND($A18+(24)>=1,$A18+(24)<=$B$8),INDEX($E$12:$E$71,$A18+(24)),"") -> 1.0758853 | K18: =IF(SUMPRODUCT(Bobot_Filter!$B$38:$F$38,ISNUMBER(F18:J18)*1)>0,SUMPRODUCT(Bobot_Filter!$B$38:$F$38,F18:J18)/SUMPRODUCT(Bobot_Filter!$B$38:$F$38,ISNUMBER(F18:J18)*1),"") -> 1.1320169 | L18: =IF(AND($A18>=$B$6,$A18<=$B$7),SUMPRODUCT(Bobot_Filter!$B$4:$B$16,K12:K24),"") -> 0.99890927 | M18: =K18/INDEX($L$12:$L$71,MAX($B$6,MIN($A18,$B$7))) -> 1.133253 | N18: =C18/M18 -> 266.48947 | O18: =IF(AND($A18>=$B$6,$A18<=$B$7),SUMPRODUCT(Bobot_Filter!$B$20:$B$32,N12:N24),"") -> 267.44298 | P18: =IF(ISNUMBER(O18),C18/O18,"") -> 1.1292126 | Q18: =IF(AND($A18+(-36)>=1,$A18+(-36)<=$B$8),INDEX($P$12:$P$71,$A18+(-36)),"") | R18: =IF(AND($A18+(-24)>=1,$A18+(-24)<=$B$8),INDEX($P$12:$P$71,$A18+(-24)),"") | S18: =IF(AND($A18+(-12)>=1,$A18+(-12)<=$B$8),INDEX($P$12:$P$71,$A18+(-12)),"") | T18: =IF(AND($A18+(0)>=1,$A18+(0)<=$B$8),INDEX($P$12:$P$71,$A18+(0)),"") -> 1.1292126 | U18: =IF(AND($A18+(12)>=1,$A18+(12)<=$B$8),INDEX($P$12:$P$71,$A18+(12)),"") -> 1.1555971 | V18: =IF(AND($A18+(24)>=1,$A18+(24)<=$B$8),INDEX($P$12:$P$71,$A18+(24)),"") -> 1.0690815 | W18: =IF(AND($A18+(36)>=1,$A18+(36)<=$B$8),INDEX($P$12:$P$71,$A18+(36)),"") -> 1.0765215 | X18: =IF(SUMPRODUCT(Bobot_Filter!$B$43:$H$43,ISNUMBER(Q18:W18)*1)>0,SUMPRODUCT(Bobot_Filter!$B$43:$H$43,Q18:W18)/SUMPRODUCT(Bobot_Filter!$B$43:$H$43,ISNUMBER(Q18:W18)*1),"") -> 1.1187904 | Y18: =IF(AND($A18>=$B$6,$A18<=$B$7),SUMPRODUCT(Bobot_Filter!$B$4:$B$16,X12:X24),"") -> 0.99892328 | Z18: =X18/INDEX($Y$12:$Y$71,MAX($B$6,MIN($A18,$B$7))) -> 1.1199964 | AA18: =C18/Z18 -> 269.64373 | AB18: =IF(AND($A18>=$B$6,$A18<=$B$7),SUMPRODUCT(Bobot_Filter!$B$20:$B$32,AA12:AA24),"") -> 266.49817 | AC18: =IF(ISNUMBER(AB18),AA18/AB18,"") -> 1.0118033 | AD18: =$B$4+$B$3*A18 -> 260.33024 | AE18: =AD18*Z18 -> 291.56891
A19: 8 | B19: =Data!B12 -> 44562 | C19: =Data!D12 -> 288 | D19: =IF(AND($A19>=$B$6,$A19<=$B$7),SUMPRODUCT(Bobot_Filter!$B$4:$B$16,C13:C25),"") -> 267.625 | E19: =IF(ISNUMBER(D19),C19/D19,"") -> 1.0761326 | F19: =IF(AND($A19+(-24)>=1,$A19+(-24)<=$B$8),INDEX($E$12:$E$71,$A19+(-24)),"") | G19: =IF(AND($A19+(-12)>=1,$A19+(-12)<=$B$8),INDEX($E$12:$E$71,$A19+(-12)),"") | H19: =IF(AND($A19+(0)>=1,$A19+(0)<=$B$8),INDEX($E$12:$E$71,$A19+(0)),"") -> 1.0761326 | I19: =IF(AND($A19+(12)>=1,$A19+(12)<=$B$8),INDEX($E$12:$E$71,$A19+(12)),"") -> 0.99611824 | J19: =IF(AND($A19+(24)>=1,$A19+(24)<=$B$8),INDEX($E$12:$E$71,$A19+(24)),"") -> 1.129969 | K19: =IF(SUMPRODUCT(Bobot_Filter!$B$38:$F$38,ISNUMBER(F19:J19)*1)>0,SUMPRODUCT(Bobot_Filter!$B$38:$F$38,F19:J19)/SUMPRODUCT(Bobot_Filter!$B$38:$F$38,ISNUMBER(F19:J19)*1),"") -> 1.0584339 | L19: =IF(AND($A19>=$B$6,$A19<=$B$7),SUMPRODUCT(Bobot_Filter!$B$4:$B$16,K13:K25),"") -> 0.99852878 | M19: =K19/INDEX($L$12:$L$71,MAX($B$6,MIN($A19,$B$7))) -> 1.0599934 | N19: =C19/M19 -> 271.69981 | O19: =IF(AND($A19>=$B$6,$A19<=$B$7),SUMPRODUCT(Bobot_Filter!$B$20:$B$32,N13:N25),"") -> 265.853 | P19: =IF(ISNUMBER(O19),C19/O19,"") -> 1.0833054 | Q19: =IF(AND($A19+(-36)>=1,$A19+(-36)<=$B$8),INDEX($P$12:$P$71,$A19+(-36)),"") | R19: =IF(AND($A19+(-24)>=1,$A19+(-24)<=$B$8),INDEX($P$12:$P$71,$A19+(-24)),"") | S19: =IF(AND($A19+(-12)>=1,$A19+(-12)<=$B$8),INDEX($P$12:$P$71,$A19+(-12)),"") | T19: =IF(AND($A19+(0)>=1,$A19+(0)<=$B$8),INDEX($P$12:$P$71,$A19+(0)),"") -> 1.0833054 | U19: =IF(AND($A19+(12)>=1,$A19+(12)<=$B$8),INDEX($P$12:$P$71,$A19+(12)),"") -> 1.0060519 | V19: =IF(AND($A19+(24)>=1,$A19+(24)<=$B$8),INDEX($P$12:$P$71,$A19+(24)),"") -> 1.1082055 | W19: =IF(AND($A19+(36)>=1,$A19+(36)<=$B$8),INDEX($P$12:$P$71,$A19+(36)),"") -> 1.1083661 | X19: =IF(SUMPRODUCT(Bobot_Filter!$B$43:$H$43,ISNUMBER(Q19:W19)*1)>0,SUMPRODUCT(Bobot_Filter!$B$43:$H$43,Q19:W19)/SUMPRODUCT(Bobot_Filter!$B$43:$H$43,ISNUMBER(Q19:W19)*1),"") -> 1.0658721 | Y19: =IF(AND($A19>=$B$6,$A19<=$B$7),SUMPRODUCT(Bobot_Filter!$B$4:$B$16,X13:X25),"") -> 0.99973101 | Z19: =X19/INDEX($Y$12:$Y$71,MAX($B$6,MIN($A19,$B$7))) -> 1.0661589 | AA19: =C19/Z19 -> 270.12859 | AB19: =IF(AND($A19>=$B$6,$A19<=$B$7),SUMPRODUCT(Bobot_Filter!$B$20:$B$32,AA13:AA25),"") -> 264.64938 | AC19: =IF(ISNUMBER(AB19),AA19/AB19,"") -> 1.0207036 | AD19: =$B$4+$B$3*A19 -> 261.87931 | AE19: =AD19*Z19 -> 279.20495
A20: 9 | B20: =Data!B13 -> 44593 | C20: =Data!D13 -> 244 | D20: =IF(AND($A20>=$B$6,$A20<=$B$7),SUMPRODUCT(Bobot_Filter!$B$4:$B$16,C14:C26),"") -> 269.5 | E20: =IF(ISNUMBER(D20),C20/D20,"") -> 0.90538033 | F20: =IF(AND($A20+(-24)>=1,$A20+(-24)<=$B$8),INDEX($E$12:$E$71,$A20+(-24)),"") | G20: =IF(AND($A20+(-12)>=1,$A20+(-12)<=$B$8),INDEX($E$12:$E$71,$A20+(-12)),"") | H20: =IF(AND($A20+(0)>=1,$A20+(0)<=$B$8),INDEX($E$12:$E$71,$A20+(0)),"") -> 0.90538033 | I20: =IF(AND($A20+(12)>=1,$A20+(12)<=$B$8),INDEX($E$12:$E$71,$A20+(12)),"") -> 0.90431687 | J20: =IF(AND($A20+(24)>=1,$A20+(24)<=$B$8),INDEX($E$12:$E$71,$A20+(24)),"") -> 0.95959454 | K20: =IF(SUMPRODUCT(Bobot_Filter!$B$38:$F$38,ISNUMBER(F20:J20)*1)>0,SUMPRODUCT(Bobot_Filter!$B$38:$F$38,F20:J20)/SUMPRODUCT(Bobot_Filter!$B$38:$F$38,ISNUMBER(F20:J20)*1),"") -> 0.91406155 | L20: =IF(AND($A20>=$B$6,$A20<=$B$7),SUMPRODUCT(Bobot_Filter!$B$4:$B$16,K14:K26),"") -> 0.99833692 | M20: =K20/INDEX($L$12:$L$71,MAX($B$6,MIN($A20,$B$7))) -> 0.91558423 | N20: =C20/M20 -> 266.49651 | O20: =IF(AND($A20>=$B$6,$A20<=$B$7),SUMPRODUCT(Bobot_Filter!$B$20:$B$32,N14:N26),"") -> 265.61296 | P20: =IF(ISNUMBER(O20),C20/O20,"") -> 0.91862989 | Q20: =IF(AND($A20+(-36)>=1,$A20+(-36)<=$B$8),INDEX($P$12:$P$71,$A20+(-36)),"") | R20: =IF(AND($A20+(-24)>=1,$A20+(-24)<=$B$8),INDEX($P$12:$P$71,$A20+(-24)),"") | S20: =IF(AND($A20+(-12)>=1,$A20+(-12)<=$B$8),INDEX($P$12:$P$71,$A20+(-12)),"") | T20: =IF(AND($A20+(0)>=1,$A20+(0)<=$B$8),INDEX($P$12:$P$71,$A20+(0)),"") -> 0.91862989 | U20: =IF(AND($A20+(12)>=1,$A20+(12)<=$B$8),INDEX($P$12:$P$71,$A20+(12)),"") -> 0.91776479 | V20: =IF(AND($A20+(24)>=1,$A20+(24)<=$B$8),INDEX($P$12:$P$71,$A20+(24)),"") -> 0.93867107 | W20: =IF(AND($A20+(36)>=1,$A20+(36)<=$B$8),INDEX($P$12:$P$71,$A20+(36)),"") -> 0.91942337 | X20: =IF(SUMPRODUCT(Bobot_Filter!$B$43:$H$43,ISNUMBER(Q20:W20)*1)>0,SUMPRODUCT(Bobot_Filter!$B$43:$H$43,Q20:W20)/SUMPRODUCT(Bobot_Filter!$B$43:$H$43,ISNUMBER(Q20:W20)*1),"") -> 0.92288328 | Y20: =IF(AND($A20>=$B$6,$A20<=$B$7),SUMPRODUCT(Bobot_Filter!$B$4:$B$16,X14:X26),"") -> 1.0003109 | Z20: =X20/INDEX($Y$12:$Y$71,MAX($B$6,MIN($A20,$B$7))) -> 0.92259645 | AA20: =C20/Z20 -> 264.47099 | AB20: =IF(AND($A20>=$B$6,$A20<=$B$7),SUMPRODUCT(Bobot_Filter!$B$20:$B$32,AA14:AA26),"") -> 264.54626 | AC20: =IF(ISNUMBER(AB20),AA20/AB20,"") -> 0.9997155 | AD20: =$B$4+$B$3*A20 -> 263.42837 | AE20: =AD20*Z20 -> 243.03808
A21: 10 | B21: =Data!B14 -> 44621 | C21: =Data!D14 -> 246 | D21: =IF(AND($A21>=$B$6,$A21<=$B$7),SUMPRODUCT(Bobot_Filter!$B$4:$B$16,C15:C27),"") -> 270.45833 | E21: =IF(ISNUMBER(D21),C21/D21,"") -> 0.90956709 | F21: =IF(AND($A21+(-24)>=1,$A21+(-24)<=$B$8),INDEX($E$12:$E$71,$A21+(-24)),"") | G21: =IF(AND($A21+(-12)>=1,$A21+(-12)<=$B$8),INDEX($E$12:$E$71,$A21+(-12)),"") | H21: =IF(AND($A21+(0)>=1,$A21+(0)<=$B$8),INDEX($E$12:$E$71,$A21+(0)),"") -> 0.90956709 | I21: =IF(AND($A21+(12)>=1,$A21+(12)<=$B$8),INDEX($E$12:$E$71,$A21+(12)),"") -> 1.0511724 | J21: =IF(AND($A21+(24)>=1,$A21+(24)<=$B$8),INDEX($E$12:$E$71,$A21+(24)),"") -> 1.2035299 | K21: =IF(SUMPRODUCT(Bobot_Filter!$B$38:$F$38,ISNUMBER(F21:J21)*1)>0,SUMPRODUCT(Bobot_Filter!$B$38:$F$38,F21:J21)/SUMPRODUCT(Bobot_Filter!$B$38:$F$38,ISNUMBER(F21:J21)*1),"") -> 1.0057627 | L21: =IF(AND($A21>=$B$6,$A21<=$B$7),SUMPRODUCT(Bobot_Filter!$B$4:$B$16,K15:K27),"") -> 0.99875374 | M21: =K21/INDEX($L$12:$L$71,MAX($B$6,MIN($A21,$B$7))) -> 1.0070177 | N21: =C21/M21 -> 244.28569 | O21: =IF(AND($A21>=$B$6,$A21<=$B$7),SUMPRODUCT(Bobot_Filter!$B$20:$B$32,N15:N27),"") -> 267.42828 | P21: =IF(ISNUMBER(O21),C21/O21,"") -> 0.9198728 | Q21: =IF(AND($A21+(-36)>=1,$A21+(-36)<=$B$8),INDEX($P$12:$P$71,$A21+(-36)),"") | R21: =IF(AND($A21+(-24)>=1,$A21+(-24)<=$B$8),INDEX($P$12:$P$71,$A21+(-24)),"") | S21: =IF(AND($A21+(-12)>=1,$A21+(-12)<=$B$8),INDEX($P$12:$P$71,$A21+(-12)),"") | T21: =IF(AND($A21+(0)>=1,$A21+(0)<=$B$8),INDEX($P$12:$P$71,$A21+(0)),"") -> 0.9198728 | U21: =IF(AND($A21+(12)>=1,$A21+(12)<=$B$8),INDEX($P$12:$P$71,$A21+(12)),"") -> 1.0665657 | V21: =IF(AND($A21+(24)>=1,$A21+(24)<=$B$8),INDEX($P$12:$P$71,$A21+(24)),"") -> 1.1889954 | W21: =IF(AND($A21+(36)>=1,$A21+(36)<=$B$8),INDEX($P$12:$P$71,$A21+(36)),"") -> 1.2466261 | X21: =IF(SUMPRODUCT(Bobot_Filter!$B$43:$H$43,ISNUMBER(Q21:W21)*1)>0,SUMPRODUCT(Bobot_Filter!$B$43:$H$43,Q21:W21)/SUMPRODUCT(Bobot_Filter!$B$43:$H$43,ISNUMBER(Q21:W21)*1),"") -> 1.0648814 | Y21: =IF(AND($A21>=$B$6,$A21<=$B$7),SUMPRODUCT(Bobot_Filter!$B$4:$B$16,X15:X27),"") -> 1.0006266 | Z21: =X21/INDEX($Y$12:$Y$71,MAX($B$6,MIN($A21,$B$7))) -> 1.0642145 | AA21: =C21/Z21 -> 231.15641 | AB21: =IF(AND($A21>=$B$6,$A21<=$B$7),SUMPRODUCT(Bobot_Filter!$B$20:$B$32,AA15:AA27),"") -> 266.93016 | AC21: =IF(ISNUMBER(AB21),AA21/AB21,"") -> 0.86598085 | AD21: =$B$4+$B$3*A21 -> 264.97744 | AE21: =AD21*Z21 -> 281.99284
A22: 11 | B22: =Data!B15 -> 44652 | C22: =Data!D15 -> 346 | D22: =IF(AND($A22>=$B$6,$A22<=$B$7),SUMPRODUCT(Bobot_Filter!$B$4:$B$16,C16:C28),"") -> 269.83333 | E22: =IF(ISNUMBER(D22),C22/D22,"") -> 1.282273 | F22: =IF(AND($A22+(-24)>=1,$A22+(-24)<=$B$8),INDEX($E$12:$E$71,$A22+(-24)),"") | G22: =IF(AND($A22+(-12)>=1,$A22+(-12)<=$B$8),INDEX($E$12:$E$71,$A22+(-12)),"") | H22: =IF(AND($A22+(0)>=1,$A22+(0)<=$B$8),INDEX($E$12:$E$71,$A22+(0)),"") -> 1.282273 | I22: =IF(AND($A22+(12)>=1,$A22+(12)<=$B$8),INDEX($E$12:$E$71,$A22+(12)),"") -> 1.2383465 | J22: =IF(AND($A22+(24)>=1,$A22+(24)<=$B$8),INDEX($E$12:$E$71,$A22+(24)),"") -> 1.0732795 | K22: =IF(SUMPRODUCT(Bobot_Filter!$B$38:$F$38,ISNUMBER(F22:J22)*1)>0,SUMPRODUCT(Bobot_Filter!$B$38:$F$38,F22:J22)/SUMPRODUCT(Bobot_Filter!$B$38:$F$38,ISNUMBER(F22:J22)*1),"") -> 1.2327986 | L22: =IF(AND($A22>=$B$6,$A22<=$B$7),SUMPRODUCT(Bobot_Filter!$B$4:$B$16,K16:K28),"") -> 0.99927529 | M22: =K22/INDEX($L$12:$L$71,MAX($B$6,MIN($A22,$B$7))) -> 1.2336927 | N22: =C22/M22 -> 280.45883 | O22: =IF(AND($A22>=$B$6,$A22<=$B$7),SUMPRODUCT(Bobot_Filter!$B$20:$B$32,N16:N28),"") -> 270.42332 | P22: =IF(ISNUMBER(O22),C22/O22,"") -> 1.2794755 | Q22: =IF(AND($A22+(-36)>=1,$A22+(-36)<=$B$8),INDEX($P$12:$P$71,$A22+(-36)),"") | R22: =IF(AND($A22+(-24)>=1,$A22+(-24)<=$B$8),INDEX($P$12:$P$71,$A22+(-24)),"") | S22: =IF(AND($A22+(-12)>=1,$A22+(-12)<=$B$8),INDEX($P$12:$P$71,$A22+(-12)),"") | T22: =IF(AND($A22+(0)>=1,$A22+(0)<=$B$8),INDEX($P$12:$P$71,$A22+(0)),"") -> 1.2794755 | U22: =IF(AND($A22+(12)>=1,$A22+(12)<=$B$8),INDEX($P$12:$P$71,$A22+(12)),"") -> 1.2504829 | V22: =IF(AND($A22+(24)>=1,$A22+(24)<=$B$8),INDEX($P$12:$P$71,$A22+(24)),"") -> 1.0775784 | W22: =IF(AND($A22+(36)>=1,$A22+(36)<=$B$8),INDEX($P$12:$P$71,$A22+(36)),"") -> 1.0781246 | X22: =IF(SUMPRODUCT(Bobot_Filter!$B$43:$H$43,ISNUMBER(Q22:W22)*1)>0,SUMPRODUCT(Bobot_Filter!$B$43:$H$43,Q22:W22)/SUMPRODUCT(Bobot_Filter!$B$43:$H$43,ISNUMBER(Q22:W22)*1),"") -> 1.2025729 | Y22: =IF(AND($A22>=$B$6,$A22<=$B$7),SUMPRODUCT(Bobot_Filter!$B$4:$B$16,X16:X28),"") -> 1.0006281 | Z22: =X22/INDEX($Y$12:$Y$71,MAX($B$6,MIN($A22,$B$7))) -> 1.201818 | AA22: =C22/Z22 -> 287.89717 | AB22: =IF(AND($A22>=$B$6,$A22<=$B$7),SUMPRODUCT(Bobot_Filter!$B$20:$B$32,AA16:AA28),"") -> 270.77165 | AC22: =IF(ISNUMBER(AB22),AA22/AB22,"") -> 1.0632471 | AD22: =$B$4+$B$3*A22 -> 266.52651 | AE22: =AD22*Z22 -> 320.31636
A23: 12 | B23: =Data!B16 -> 44682 | C23: =Data!D16 -> 289 | D23: =IF(AND($A23>=$B$6,$A23<=$B$7),SUMPRODUCT(Bobot_Filter!$B$4:$B$16,C17:C29),"") -> 270.70833 | E23: =IF(ISNUMBER(D23),C23/D23,"") -> 1.0675696 | F23: =IF(AND($A23+(-24)>=1,$A23+(-24)<=$B$8),INDEX($E$12:$E$71,$A23+(-24)),"") | G23: =IF(AND($A23+(-12)>=1,$A23+(-12)<=$B$8),INDEX($E$12:$E$71,$A23+(-12)),"") | H23: =IF(AND($A23+(0)>=1,$A23+(0)<=$B$8),INDEX($E$12:$E$71,$A23+(0)),"") -> 1.0675696 | I23: =IF(AND($A23+(12)>=1,$A23+(12)<=$B$8),INDEX($E$12:$E$71,$A23+(12)),"") -> 0.91686183 | J23: =IF(AND($A23+(24)>=1,$A23+(24)<=$B$8),INDEX($E$12:$E$71,$A23+(24)),"") -> 0.9484193 | K23: =IF(SUMPRODUCT(Bobot_Filter!$B$38:$F$38,ISNUMBER(F23:J23)*1)>0,SUMPRODUCT(Bobot_Filter!$B$38:$F$38,F23:J23)/SUMPRODUCT(Bobot_Filter!$B$38:$F$38,ISNUMBER(F23:J23)*1),"") -> 0.99747532 | L23: =IF(AND($A23>=$B$6,$A23<=$B$7),SUMPRODUCT(Bobot_Filter!$B$4:$B$16,K17:K29),"") -> 0.99888778 | M23: =K23/INDEX($L$12:$L$71,MAX($B$6,MIN($A23,$B$7))) -> 0.99858597 | N23: =C23/M23 -> 289.40923 | O23: =IF(AND($A23>=$B$6,$A23<=$B$7),SUMPRODUCT(Bobot_Filter!$B$20:$B$32,N17:N29),"") -> 272.4112 | P23: =IF(ISNUMBER(O23),C23/O23,"") -> 1.0608962 | Q23: =IF(AND($A23+(-36)>=1,$A23+(-36)<=$B$8),INDEX($P$12:$P$71,$A23+(-36)),"") | R23: =IF(AND($A23+(-24)>=1,$A23+(-24)<=$B$8),INDEX($P$12:$P$71,$A23+(-24)),"") | S23: =IF(AND($A23+(-12)>=1,$A23+(-12)<=$B$8),INDEX($P$12:$P$71,$A23+(-12)),"") | T23: =IF(AND($A23+(0)>=1,$A23+(0)<=$B$8),INDEX($P$12:$P$71,$A23+(0)),"") -> 1.0608962 | U23: =IF(AND($A23+(12)>=1,$A23+(12)<=$B$8),INDEX($P$12:$P$71,$A23+(12)),"") -> 0.91476467 | V23: =IF(AND($A23+(24)>=1,$A23+(24)<=$B$8),INDEX($P$12:$P$71,$A23+(24)),"") -> 0.96655518 | W23: =IF(AND($A23+(36)>=1,$A23+(36)<=$B$8),INDEX($P$12:$P$71,$A23+(36)),"") -> 0.83975056 | X23: =IF(SUMPRODUCT(Bobot_Filter!$B$43:$H$43,ISNUMBER(Q23:W23)*1)>0,SUMPRODUCT(Bobot_Filter!$B$43:$H$43,Q23:W23)/SUMPRODUCT(Bobot_Filter!$B$43:$H$43,ISNUMBER(Q23:W23)*1),"") -> 0.96664927 | Y23: =IF(AND($A23>=$B$6,$A23<=$B$7),SUMPRODUCT(Bobot_Filter!$B$4:$B$16,X17:X29),"") -> 1.0001333 | Z23: =X23/INDEX($Y$12:$Y$71,MAX($B$6,MIN($A23,$B$7))) -> 0.9665204 | AA23: =C23/Z23 -> 299.01076 | AB23: =IF(AND($A23>=$B$6,$A23<=$B$7),SUMPRODUCT(Bobot_Filter!$B$20:$B$32,AA17:AA29),"") -> 273.52809 | AC23: =IF(ISNUMBER(AB23),AA23/AB23,"") -> 1.0931629 | AD23: =$B$4+$B$3*A23 -> 268.07558 | AE23: =AD23*Z23 -> 259.10052
A24: 13 | B24: =Data!B17 -> 44713 | C24: =Data!D17 -> 251 | D24: =IF(AND($A24>=$B$6,$A24<=$B$7),SUMPRODUCT(Bobot_Filter!$B$4:$B$16,C18:C30),"") -> 272.41667 | E24: =IF(ISNUMBER(D24),C24/D24,"") -> 0.92138269 | F24: =IF(AND($A24+(-24)>=1,$A24+(-24)<=$B$8),INDEX($E$12:$E$71,$A24+(-24)),"") | G24: =IF(AND($A24+(-12)>=1,$A24+(-12)<=$B$8),INDEX($E$12:$E$71,$A24+(-12)),"") | H24: =IF(AND($A24+(0)>=1,$A24+(0)<=$B$8),INDEX($E$12:$E$71,$A24+(0)),"") -> 0.92138269 | I24: =IF(AND($A24+(12)>=1,$A24+(12)<=$B$8),INDEX($E$12:$E$71,$A24+(12)),"") -> 0.95452552 | J24: =IF(AND($A24+(24)>=1,$A24+(24)<=$B$8),INDEX($E$12:$E$71,$A24+(24)),"") -> 0.89564616 | K24: =IF(SUMPRODUCT(Bobot_Filter!$B$38:$F$38,ISNUMBER(F24:J24)*1)>0,SUMPRODUCT(Bobot_Filter!$B$38:$F$38,F24:J24)/SUMPRODUCT(Bobot_Filter!$B$38:$F$38,ISNUMBER(F24:J24)*1),"") -> 0.92814088 | L24: =IF(AND($A24>=$B$6,$A24<=$B$7),SUMPRODUCT(Bobot_Filter!$B$4:$B$16,K18:K30),"") -> 0.9979787 | M24: =K24/INDEX($L$12:$L$71,MAX($B$6,MIN($A24,$B$7))) -> 0.93002072 | N24: =C24/M24 -> 269.88646 | O24: =IF(AND($A24>=$B$6,$A24<=$B$7),SUMPRODUCT(Bobot_Filter!$B$20:$B$32,N18:N30),"") -> 273.14471 | P24: =IF(ISNUMBER(O24),C24/O24,"") -> 0.91892683 | Q24: =IF(AND($A24+(-36)>=1,$A24+(-36)<=$B$8),INDEX($P$12:$P$71,$A24+(-36)),"") | R24: =IF(AND($A24+(-24)>=1,$A24+(-24)<=$B$8),INDEX($P$12:$P$71,$A24+(-24)),"") | S24: =IF(AND($A24+(-12)>=1,$A24+(-12)<=$B$8),INDEX($P$12:$P$71,$A24+(-12)),"") | T24: =IF(AND($A24+(0)>=1,$A24+(0)<=$B$8),INDEX($P$12:$P$71,$A24+(0)),"") -> 0.91892683 | U24: =IF(AND($A24+(12)>=1,$A24+(12)<=$B$8),INDEX($P$12:$P$71,$A24+(12)),"") -> 0.94209742 | V24: =IF(AND($A24+(24)>=1,$A24+(24)<=$B$8),INDEX($P$12:$P$71,$A24+(24)),"") -> 0.91764785 | W24: =IF(AND($A24+(36)>=1,$A24+(36)<=$B$8),INDEX($P$12:$P$71,$A24+(36)),"") -> 0.98935448 | X24: =IF(SUMPRODUCT(Bobot_Filter!$B$43:$H$43,ISNUMBER(Q24:W24)*1)>0,SUMPRODUCT(Bobot_Filter!$B$43:$H$43,Q24:W24)/SUMPRODUCT(Bobot_Filter!$B$43:$H$43,ISNUMBER(Q24:W24)*1),"") -> 0.93419144 | Y24: =IF(AND($A24>=$B$6,$A24<=$B$7),SUMPRODUCT(Bobot_Filter!$B$4:$B$16,X18:X30),"") -> 0.9995091 | Z24: =X24/INDEX($Y$12:$Y$71,MAX($B$6,MIN($A24,$B$7))) -> 0.93465026 | AA24: =C24/Z24 -> 268.54965 | AB24: =IF(AND($A24>=$B$6,$A24<=$B$7),SUMPRODUCT(Bobot_Filter!$B$20:$B$32,AA18:AA30),"") -> 274.46962 | AC24: =IF(ISNUMBER(AB24),AA24/AB24,"") -> 0.97843123 | AD24: =$B$4+$B$3*A24 -> 269.62465 | AE24: =AD24*Z24 -> 252.00475 | AF24: =ABS(C24-AE24)/C24 -> 0.0040029955
A25: 14 | B25: =Data!B18 -> 44743 | C25: =Data!D18 -> 277 | D25: =IF(AND($A25>=$B$6,$A25<=$B$7),SUMPRODUCT(Bobot_Filter!$B$4:$B$16,C19:C31),"") -> 272.75 | E25: =IF(ISNUMBER(D25),C25/D25,"") -> 1.015582 | F25: =IF(AND($A25+(-24)>=1,$A25+(-24)<=$B$8),INDEX($E$12:$E$71,$A25+(-24)),"") | G25: =IF(AND($A25+(-12)>=1,$A25+(-12)<=$B$8),INDEX($E$12:$E$71,$A25+(-12)),"") | H25: =IF(AND($A25+(0)>=1,$A25+(0)<=$B$8),INDEX($E$12:$E$71,$A25+(0)),"") -> 1.015582 | I25: =IF(AND($A25+(12)>=1,$A25+(12)<=$B$8),INDEX($E$12:$E$71,$A25+(12)),"") -> 1.1105309 | J25: =IF(AND($A25+(24)>=1,$A25+(24)<=$B$8),INDEX($E$12:$E$71,$A25+(24)),"") -> 0.98652736 | K25: =IF(SUMPRODUCT(Bobot_Filter!$B$38:$F$38,ISNUMBER(F25:J25)*1)>0,SUMPRODUCT(Bobot_Filter!$B$38:$F$38,F25:J25)/SUMPRODUCT(Bobot_Filter!$B$38:$F$38,ISNUMBER(F25:J25)*1),"") -> 1.0423892 | L25: =IF(AND($A25>=$B$6,$A25<=$B$7),SUMPRODUCT(Bobot_Filter!$B$4:$B$16,K19:K31),"") -> 0.99776808 | M25: =K25/INDEX($L$12:$L$71,MAX($B$6,MIN($A25,$B$7))) -> 1.0447209 | N25: =C25/M25 -> 265.14258 | O25: =IF(AND($A25>=$B$6,$A25<=$B$7),SUMPRODUCT(Bobot_Filter!$B$20:$B$32,N19:N31),"") -> 273.98398 | P25: =IF(ISNUMBER(O25),C25/O25,"") -> 1.011008 | Q25: =IF(AND($A25+(-36)>=1,$A25+(-36)<=$B$8),INDEX($P$12:$P$71,$A25+(-36)),"") | R25: =IF(AND($A25+(-24)>=1,$A25+(-24)<=$B$8),INDEX($P$12:$P$71,$A25+(-24)),"") | S25: =IF(AND($A25+(-12)>=1,$A25+(-12)<=$B$8),INDEX($P$12:$P$71,$A25+(-12)),"") | T25: =IF(AND($A25+(0)>=1,$A25+(0)<=$B$8),INDEX($P$12:$P$71,$A25+(0)),"") -> 1.011008 | U25: =IF(AND($A25+(12)>=1,$A25+(12)<=$B$8),INDEX($P$12:$P$71,$A25+(12)),"") -> 1.0975385 | V25: =IF(AND($A25+(24)>=1,$A25+(24)<=$B$8),INDEX($P$12:$P$71,$A25+(24)),"") -> 1.0089181 | W25: =IF(AND($A25+(36)>=1,$A25+(36)<=$B$8),INDEX($P$12:$P$71,$A25+(36)),"") -> 1.1167347 | X25: =IF(SUMPRODUCT(Bobot_Filter!$B$43:$H$43,ISNUMBER(Q25:W25)*1)>0,SUMPRODUCT(Bobot_Filter!$B$43:$H$43,Q25:W25)/SUMPRODUCT(Bobot_Filter!$B$43:$H$43,ISNUMBER(Q25:W25)*1),"") -> 1.0511345 | Y25: =IF(AND($A25>=$B$6,$A25<=$B$7),SUMPRODUCT(Bobot_Filter!$B$4:$B$16,X19:X31),"") -> 0.99948201 | Z25: =X25/INDEX($Y$12:$Y$71,MAX($B$6,MIN($A25,$B$7))) -> 1.0516793 | AA25: =C25/Z25 -> 263.38829 | AB25: =IF(AND($A25>=$B$6,$A25<=$B$7),SUMPRODUCT(Bobot_Filter!$B$20:$B$32,AA19:AA31),"") -> 274.87957 | AC25: =IF(ISNUMBER(AB25),AA25/AB25,"") -> 0.95819522 | AD25: =$B$4+$B$3*A25 -> 271.17372 | AE25: =AD25*Z25 -> 285.18778 | AF25: =ABS(C25-AE25)/C25 -> 0.029558764
A26: 15 | B26: =Data!B19 -> 44774 | C26: =Data!D19 -> 256 | D26: =IF(AND($A26>=$B$6,$A26<=$B$7),SUMPRODUCT(Bobot_Filter!$B$4:$B$16,C20:C32),"") -> 272.75 | E26: =IF(ISNUMBER(D26),C26/D26,"") -> 0.93858845 | F26: =IF(AND($A26+(-24)>=1,$A26+(-24)<=$B$8),INDEX($E$12:$E$71,$A26+(-24)),"") | G26: =IF(AND($A26+(-12)>=1,$A26+(-12)<=$B$8),INDEX($E$12:$E$71,$A26+(-12)),"") | H26: =IF(AND($A26+(0)>=1,$A26+(0)<=$B$8),INDEX($E$12:$E$71,$A26+(0)),"") -> 0.93858845 | I26: =IF(AND($A26+(12)>=1,$A26+(12)<=$B$8),INDEX($E$12:$E$71,$A26+(12)),"") -> 0.88366762 | J26: =IF(AND($A26+(24)>=1,$A26+(24)<=$B$8),INDEX($E$12:$E$71,$A26+(24)),"") -> 0.94001643 | K26: =IF(SUMPRODUCT(Bobot_Filter!$B$38:$F$38,ISNUMBER(F26:J26)*1)>0,SUMPRODUCT(Bobot_Filter!$B$38:$F$38,F26:J26)/SUMPRODUCT(Bobot_Filter!$B$38:$F$38,ISNUMBER(F26:J26)*1),"") -> 0.92051951 | L26: =IF(AND($A26>=$B$6,$A26<=$B$7),SUMPRODUCT(Bobot_Filter!$B$4:$B$16,K20:K32),"") -> 0.99817413 | M26: =K26/INDEX($L$12:$L$71,MAX($B$6,MIN($A26,$B$7))) -> 0.92220332 | N26: =C26/M26 -> 277.59605 | O26: =IF(AND($A26>=$B$6,$A26<=$B$7),SUMPRODUCT(Bobot_Filter!$B$20:$B$32,N20:N32),"") -> 274.72272 | P26: =IF(ISNUMBER(O26),C26/O26,"") -> 0.93184865 | Q26: =IF(AND($A26+(-36)>=1,$A26+(-36)<=$B$8),INDEX($P$12:$P$71,$A26+(-36)),"") | R26: =IF(AND($A26+(-24)>=1,$A26+(-24)<=$B$8),INDEX($P$12:$P$71,$A26+(-24)),"") | S26: =IF(AND($A26+(-12)>=1,$A26+(-12)<=$B$8),INDEX($P$12:$P$71,$A26+(-12)),"") | T26: =IF(AND($A26+(0)>=1,$A26+(0)<=$B$8),INDEX($P$12:$P$71,$A26+(0)),"") -> 0.93184865 | U26: =IF(AND($A26+(12)>=1,$A26+(12)<=$B$8),INDEX($P$12:$P$71,$A26+(12)),"") -> 0.88213688 | V26: =IF(AND($A26+(24)>=1,$A26+(24)<=$B$8),INDEX($P$12:$P$71,$A26+(24)),"") -> 0.9509606 | W26: =IF(AND($A26+(36)>=1,$A26+(36)<=$B$8),INDEX($P$12:$P$71,$A26+(36)),"") -> 0.94286795 | X26: =IF(SUMPRODUCT(Bobot_Filter!$B$43:$H$43,ISNUMBER(Q26:W26)*1)>0,SUMPRODUCT(Bobot_Filter!$B$43:$H$43,Q26:W26)/SUMPRODUCT(Bobot_Filter!$B$43:$H$43,ISNUMBER(Q26:W26)*1),"") -> 0.92074953 | Y26: =IF(AND($A26>=$B$6,$A26<=$B$7),SUMPRODUCT(Bobot_Filter!$B$4:$B$16,X20:X32),"") -> 0.99985002 | Z26: =X26/INDEX($Y$12:$Y$71,MAX($B$6,MIN($A26,$B$7))) -> 0.92088764 | AA26: =C26/Z26 -> 277.99266 | AB26: =IF(AND($A26>=$B$6,$A26<=$B$7),SUMPRODUCT(Bobot_Filter!$B$20:$B$32,AA20:AA32),"") -> 274.91305 | AC26: =IF(ISNUMBER(AB26),AA26/AB26,"") -> 1.0112021 | AD26: =$B$4+$B$3*A26 -> 272.72279 | AE26: =AD26*Z26 -> 251.14705 | AF26: =ABS(C26-AE26)/C26 -> 0.018956843
A27: 16 | B27: =Data!B20 -> 44805 | C27: =Data!D20 -> 247 | D27: =IF(AND($A27>=$B$6,$A27<=$B$7),SUMPRODUCT(Bobot_Filter!$B$4:$B$16,C21:C33),"") -> 275.29167 | E27: =IF(ISNUMBER(D27),C27/D27,"") -> 0.89723021 | F27: =IF(AND($A27+(-24)>=1,$A27+(-24)<=$B$8),INDEX($E$12:$E$71,$A27+(-24)),"") | G27: =IF(AND($A27+(-12)>=1,$A27+(-12)<=$B$8),INDEX($E$12:$E$71,$A27+(-12)),"") | H27: =IF(AND($A27+(0)>=1,$A27+(0)<=$B$8),INDEX($E$12:$E$71,$A27+(0)),"") -> 0.89723021 | I27: =IF(AND($A27+(12)>=1,$A27+(12)<=$B$8),INDEX($E$12:$E$71,$A27+(12)),"") -> 0.9707255 | J27: =IF(AND($A27+(24)>=1,$A27+(24)<=$B$8),INDEX($E$12:$E$71,$A27+(24)),"") -> 0.95582438 | K27: =IF(SUMPRODUCT(Bobot_Filter!$B$38:$F$38,ISNUMBER(F27:J27)*1)>0,SUMPRODUCT(Bobot_Filter!$B$38:$F$38,F27:J27)/SUMPRODUCT(Bobot_Filter!$B$38:$F$38,ISNUMBER(F27:J27)*1),"") -> 0.93149434 | L27: =IF(AND($A27>=$B$6,$A27<=$B$7),SUMPRODUCT(Bobot_Filter!$B$4:$B$16,K21:K33),"") -> 1.0013723 | M27: =K27/INDEX($L$12:$L$71,MAX($B$6,MIN($A27,$B$7))) -> 0.93021783 | N27: =C27/M27 -> 265.5292 | O27: =IF(AND($A27>=$B$6,$A27<=$B$7),SUMPRODUCT(Bobot_Filter!$B$20:$B$32,N21:N33),"") -> 275.37169 | P27: =IF(ISNUMBER(O27),C27/O27,"") -> 0.89696946 | Q27: =IF(AND($A27+(-36)>=1,$A27+(-36)<=$B$8),INDEX($P$12:$P$71,$A27+(-36)),"") | R27: =IF(AND($A27+(-24)>=1,$A27+(-24)<=$B$8),INDEX($P$12:$P$71,$A27+(-24)),"") | S27: =IF(AND($A27+(-12)>=1,$A27+(-12)<=$B$8),INDEX($P$12:$P$71,$A27+(-12)),"") | T27: =IF(AND($A27+(0)>=1,$A27+(0)<=$B$8),INDEX($P$12:$P$71,$A27+(0)),"") -> 0.89696946 | U27: =IF(AND($A27+(12)>=1,$A27+(12)<=$B$8),INDEX($P$12:$P$71,$A27+(12)),"") -> 0.98005587 | V27: =IF(AND($A27+(24)>=1,$A27+(24)<=$B$8),INDEX($P$12:$P$71,$A27+(24)),"") -> 0.95959081 | W27: =IF(AND($A27+(36)>=1,$A27+(36)<=$B$8),INDEX($P$12:$P$71,$A27+(36)),"") -> 0.9132818 | X27: =IF(SUMPRODUCT(Bobot_Filter!$B$43:$H$43,ISNUMBER(Q27:W27)*1)>0,SUMPRODUCT(Bobot_Filter!$B$43:$H$43,Q27:W27)/SUMPRODUCT(Bobot_Filter!$B$43:$H$43,ISNUMBER(Q27:W27)*1),"") -> 0.94039327 | Y27: =IF(AND($A27>=$B$6,$A27<=$B$7),SUMPRODUCT(Bobot_Filter!$B$4:$B$16,X21:X33),"") -> 1.0010553 | Z27: =X27/INDEX($Y$12:$Y$71,MAX($B$6,MIN($A27,$B$7))) -> 0.93940194 | AA27: =C27/Z27 -> 262.93324 | AB27: =IF(AND($A27>=$B$6,$A27<=$B$7),SUMPRODUCT(Bobot_Filter!$B$20:$B$32,AA21:AA33),"") -> 275.16684 | AC27: =IF(ISNUMBER(AB27),AA27/AB27,"") -> 0.95554118 | AD27: =$B$4+$B$3*A27 -> 274.27186 | AE27: =AD27*Z27 -> 257.65152 | AF27: =ABS(C27-AE27)/C27 -> 0.043123561
A28: 17 | B28: =Data!B21 -> 44835 | C28: =Data!D21 -> 250 | D28: =IF(AND($A28>=$B$6,$A28<=$B$7),SUMPRODUCT(Bobot_Filter!$B$4:$B$16,C22:C34),"") -> 277.66667 | E28: =IF(ISNUMBER(D28),C28/D28,"") -> 0.90036014 | F28: =IF(AND($A28+(-24)>=1,$A28+(-24)<=$B$8),INDEX($E$12:$E$71,$A28+(-24)),"") | G28: =IF(AND($A28+(-12)>=1,$A28+(-12)<=$B$8),INDEX($E$12:$E$71,$A28+(-12)),"") | H28: =IF(AND($A28+(0)>=1,$A28+(0)<=$B$8),INDEX($E$12:$E$71,$A28+(0)),"") -> 0.90036014 | I28: =IF(AND($A28+(12)>=1,$A28+(12)<=$B$8),INDEX($E$12:$E$71,$A28+(12)),"") -> 0.85171103 | J28: =IF(AND($A28+(24)>=1,$A28+(24)<=$B$8),INDEX($E$12:$E$71,$A28+(24)),"") -> 0.91686844 | K28: =IF(SUMPRODUCT(Bobot_Filter!$B$38:$F$38,ISNUMBER(F28:J28)*1)>0,SUMPRODUCT(Bobot_Filter!$B$38:$F$38,F28:J28)/SUMPRODUCT(Bobot_Filter!$B$38:$F$38,ISNUMBER(F28:J28)*1),"") -> 0.88689515 | L28: =IF(AND($A28>=$B$6,$A28<=$B$7),SUMPRODUCT(Bobot_Filter!$B$4:$B$16,K22:K34),"") -> 1.0025278 | M28: =K28/INDEX($L$12:$L$71,MAX($B$6,MIN($A28,$B$7))) -> 0.88465887 | N28: =C28/M28 -> 282.5948 | O28: =IF(AND($A28>=$B$6,$A28<=$B$7),SUMPRODUCT(Bobot_Filter!$B$20:$B$32,N22:N34),"") -> 275.86995 | P28: =IF(ISNUMBER(O28),C28/O28,"") -> 0.9062241 | Q28: =IF(AND($A28+(-36)>=1,$A28+(-36)<=$B$8),INDEX($P$12:$P$71,$A28+(-36)),"") | R28: =IF(AND($A28+(-24)>=1,$A28+(-24)<=$B$8),INDEX($P$12:$P$71,$A28+(-24)),"") | S28: =IF(AND($A28+(-12)>=1,$A28+(-12)<=$B$8),INDEX($P$12:$P$71,$A28+(-12)),"") | T28: =IF(AND($A28+(0)>=1,$A28+(0)<=$B$8),INDEX($P$12:$P$71,$A28+(0)),"") -> 0.9062241 | U28: =IF(AND($A28+(12)>=1,$A28+(12)<=$B$8),INDEX($P$12:$P$71,$A28+(12)),"") -> 0.85919605 | V28: =IF(AND($A28+(24)>=1,$A28+(24)<=$B$8),INDEX($P$12:$P$71,$A28+(24)),"") -> 0.91786671 | W28: =IF(AND($A28+(36)>=1,$A28+(36)<=$B$8),INDEX($P$12:$P$71,$A28+(36)),"") -> 0.85310674 | X28: =IF(SUMPRODUCT(Bobot_Filter!$B$43:$H$43,ISNUMBER(Q28:W28)*1)>0,SUMPRODUCT(Bobot_Filter!$B$43:$H$43,Q28:W28)/SUMPRODUCT(Bobot_Filter!$B$43:$H$43,ISNUMBER(Q28:W28)*1),"") -> 0.8872334 | Y28: =IF(AND($A28>=$B$6,$A28<=$B$7),SUMPRODUCT(Bobot_Filter!$B$4:$B$16,X22:X34),"") -> 1.001269 | Z28: =X28/INDEX($Y$12:$Y$71,MAX($B$6,MIN($A28,$B$7))) -> 0.88610895 | AA28: =C28/Z28 -> 282.13235 | AB28: =IF(AND($A28>=$B$6,$A28<=$B$7),SUMPRODUCT(Bobot_Filter!$B$20:$B$32,AA22:AA34),"") -> 275.7452 | AC28: =IF(ISNUMBER(AB28),AA28/AB28,"") -> 1.0231632 | AD28: =$B$4+$B$3*A28 -> 275.82093 | AE28: =AD28*Z28 -> 244.4074 | AF28: =ABS(C28-AE28)/C28 -> 0.022370412
A29: 18 | B29: =Data!B22 -> 44866 | C29: =Data!D22 -> 264 | D29: =IF(AND($A29>=$B$6,$A29<=$B$7),SUMPRODUCT(Bobot_Filter!$B$4:$B$16,C23:C35),"") -> 276.75 | E29: =IF(ISNUMBER(D29),C29/D29,"") -> 0.95392954 | F29: =IF(AND($A29+(-24)>=1,$A29+(-24)<=$B$8),INDEX($E$12:$E$71,$A29+(-24)),"") | G29: =IF(AND($A29+(-12)>=1,$A29+(-12)<=$B$8),INDEX($E$12:$E$71,$A29+(-12)),"") | H29: =IF(AND($A29+(0)>=1,$A29+(0)<=$B$8),INDEX($E$12:$E$71,$A29+(0)),"") -> 0.95392954 | I29: =IF(AND($A29+(12)>=1,$A29+(12)<=$B$8),INDEX($E$12:$E$71,$A29+(12)),"") -> 0.92021427 | J29: =IF(AND($A29+(24)>=1,$A29+(24)<=$B$8),INDEX($E$12:$E$71,$A29+(24)),"") -> 0.88161952 | K29: =IF(SUMPRODUCT(Bobot_Filter!$B$38:$F$38,ISNUMBER(F29:J29)*1)>0,SUMPRODUCT(Bobot_Filter!$B$38:$F$38,F29:J29)/SUMPRODUCT(Bobot_Filter!$B$38:$F$38,ISNUMBER(F29:J29)*1),"") -> 0.93063944 | L29: =IF(AND($A29>=$B$6,$A29<=$B$7),SUMPRODUCT(Bobot_Filter!$B$4:$B$16,K23:K35),"") -> 0.99888561 | M29: =K29/INDEX($L$12:$L$71,MAX($B$6,MIN($A29,$B$7))) -> 0.93167769 | N29: =C29/M29 -> 283.35979 | O29: =IF(AND($A29>=$B$6,$A29<=$B$7),SUMPRODUCT(Bobot_Filter!$B$20:$B$32,N23:N35),"") -> 276.76371 | P29: =IF(ISNUMBER(O29),C29/O29,"") -> 0.95388229 | Q29: =IF(AND($A29+(-36)>=1,$A29+(-36)<=$B$8),INDEX($P$12:$P$71,$A29+(-36)),"") | R29: =IF(AND($A29+(-24)>=1,$A29+(-24)<=$B$8),INDEX($P$12:$P$71,$A29+(-24)),"") | S29: =IF(AND($A29+(-12)>=1,$A29+(-12)<=$B$8),INDEX($P$12:$P$71,$A29+(-12)),"") | T29: =IF(AND($A29+(0)>=1,$A29+(0)<=$B$8),INDEX($P$12:$P$71,$A29+(0)),"") -> 0.95388229 | U29: =IF(AND($A29+(12)>=1,$A29+(12)<=$B$8),INDEX($P$12:$P$71,$A29+(12)),"") -> 0.9201205 | V29: =IF(AND($A29+(24)>=1,$A29+(24)<=$B$8),INDEX($P$12:$P$71,$A29+(24)),"") -> 0.87546431 | W29: =IF(AND($A29+(36)>=1,$A29+(36)<=$B$8),INDEX($P$12:$P$71,$A29+(36)),"") -> 0.93350917 | X29: =IF(SUMPRODUCT(Bobot_Filter!$B$43:$H$43,ISNUMBER(Q29:W29)*1)>0,SUMPRODUCT(Bobot_Filter!$B$43:$H$43,Q29:W29)/SUMPRODUCT(Bobot_Filter!$B$43:$H$43,ISNUMBER(Q29:W29)*1),"") -> 0.92293846 | Y29: =IF(AND($A29>=$B$6,$A29<=$B$7),SUMPRODUCT(Bobot_Filter!$B$4:$B$16,X23:X35),"") -> 0.99984308 | Z29: =X29/INDEX($Y$12:$Y$71,MAX($B$6,MIN($A29,$B$7))) -> 0.92308331 | AA29: =C29/Z29 -> 285.99802 | AB29: =IF(AND($A29>=$B$6,$A29<=$B$7),SUMPRODUCT(Bobot_Filter!$B$20:$B$32,AA23:AA35),"") -> 277.09581 | AC29: =IF(ISNUMBER(AB29),AA29/AB29,"") -> 1.0321268 | AD29: =$B$4+$B$3*A29 -> 277.37 | AE29: =AD29*Z29 -> 256.03562 | AF29: =ABS(C29-AE29)/C29 -> 0.030168108
A30: 19 | B30: =Data!B23 -> 44896 | C30: =Data!D23 -> 320 | D30: =IF(AND($A30>=$B$6,$A30<=$B$7),SUMPRODUCT(Bobot_Filter!$B$4:$B$16,C24:C36),"") -> 276.45833 | E30: =IF(ISNUMBER(D30),C30/D30,"") -> 1.1574981 | F30: =IF(AND($A30+(-24)>=1,$A30+(-24)<=$B$8),INDEX($E$12:$E$71,$A30+(-24)),"") | G30: =IF(AND($A30+(-12)>=1,$A30+(-12)<=$B$8),INDEX($E$12:$E$71,$A30+(-12)),"") -> 1.13374 | H30: =IF(AND($A30+(0)>=1,$A30+(0)<=$B$8),INDEX($E$12:$E$71,$A30+(0)),"") -> 1.1574981 | I30: =IF(AND($A30+(12)>=1,$A30+(12)<=$B$8),INDEX($E$12:$E$71,$A30+(12)),"") -> 1.0758853 | J30: =IF(AND($A30+(24)>=1,$A30+(24)<=$B$8),INDEX($E$12:$E$71,$A30+(24)),"") -> 1.086262 | K30: =IF(SUMPRODUCT(Bobot_Filter!$B$38:$F$38,ISNUMBER(F30:J30)*1)>0,SUMPRODUCT(Bobot_Filter!$B$38:$F$38,F30:J30)/SUMPRODUCT(Bobot_Filter!$B$38:$F$38,ISNUMBER(F30:J30)*1),"") -> 1.1222509 | L30: =IF(AND($A30>=$B$6,$A30<=$B$7),SUMPRODUCT(Bobot_Filter!$B$4:$B$16,K24:K36),"") -> 0.99745909 | M30: =K30/INDEX($L$12:$L$71,MAX($B$6,MIN($A30,$B$7))) -> 1.1251097 | N30: =C30/M30 -> 284.41671 | O30: =IF(AND($A30>=$B$6,$A30<=$B$7),SUMPRODUCT(Bobot_Filter!$B$20:$B$32,N24:N36),"") -> 276.91312 | P30: =IF(ISNUMBER(O30),C30/O30,"") -> 1.1555971 | Q30: =IF(AND($A30+(-36)>=1,$A30+(-36)<=$B$8),INDEX($P$12:$P$71,$A30+(-36)),"") | R30: =IF(AND($A30+(-24)>=1,$A30+(-24)<=$B$8),INDEX($P$12:$P$71,$A30+(-24)),"") | S30: =IF(AND($A30+(-12)>=1,$A30+(-12)<=$B$8),INDEX($P$12:$P$71,$A30+(-12)),"") -> 1.1292126 | T30: =IF(AND($A30+(0)>=1,$A30+(0)<=$B$8),INDEX($P$12:$P$71,$A30+(0)),"") -> 1.1555971 | U30: =IF(AND($A30+(12)>=1,$A30+(12)<=$B$8),INDEX($P$12:$P$71,$A30+(12)),"") -> 1.0690815 | V30: =IF(AND($A30+(24)>=1,$A30+(24)<=$B$8),INDEX($P$12:$P$71,$A30+(24)),"") -> 1.0765215 | W30: =IF(AND($A30+(36)>=1,$A30+(36)<=$B$8),INDEX($P$12:$P$71,$A30+(36)),"") | X30: =IF(SUMPRODUCT(Bobot_Filter!$B$43:$H$43,ISNUMBER(Q30:W30)*1)>0,SUMPRODUCT(Bobot_Filter!$B$43:$H$43,Q30:W30)/SUMPRODUCT(Bobot_Filter!$B$43:$H$43,ISNUMBER(Q30:W30)*1),"") -> 1.1104288 | Y30: =IF(AND($A30>=$B$6,$A30<=$B$7),SUMPRODUCT(Bobot_Filter!$B$4:$B$16,X24:X36),"") -> 0.99950833 | Z30: =X30/INDEX($Y$12:$Y$71,MAX($B$6,MIN($A30,$B$7))) -> 1.110975 | AA30: =C30/Z30 -> 288.03527 | AB30: =IF(AND($A30>=$B$6,$A30<=$B$7),SUMPRODUCT(Bobot_Filter!$B$20:$B$32,AA24:AA36),"") -> 277.27834 | AC30: =IF(ISNUMBER(AB30),AA30/AB30,"") -> 1.0387947 | AD30: =$B$4+$B$3*A30 -> 278.91907 | AE30: =AD30*Z30 -> 309.87213 | AF30: =ABS(C30-AE30)/C30 -> 0.031649609
A31: 20 | B31: =Data!B24 -> 44927 | C31: =Data!D24 -> 278 | D31: =IF(AND($A31>=$B$6,$A31<=$B$7),SUMPRODUCT(Bobot_Filter!$B$4:$B$16,C25:C37),"") -> 279.08333 | E31: =IF(ISNUMBER(D31),C31/D31,"") -> 0.99611824 | F31: =IF(AND($A31+(-24)>=1,$A31+(-24)<=$B$8),INDEX($E$12:$E$71,$A31+(-24)),"") | G31: =IF(AND($A31+(-12)>=1,$A31+(-12)<=$B$8),INDEX($E$12:$E$71,$A31+(-12)),"") -> 1.0761326 | H31: =IF(AND($A31+(0)>=1,$A31+(0)<=$B$8),INDEX($E$12:$E$71,$A31+(0)),"") -> 0.99611824 | I31: =IF(AND($A31+(12)>=1,$A31+(12)<=$B$8),INDEX($E$12:$E$71,$A31+(12)),"") -> 1.129969 | J31: =IF(AND($A31+(24)>=1,$A31+(24)<=$B$8),INDEX($E$12:$E$71,$A31+(24)),"") -> 1.1046025 | K31: =IF(SUMPRODUCT(Bobot_Filter!$B$38:$F$38,ISNUMBER(F31:J31)*1)>0,SUMPRODUCT(Bobot_Filter!$B$38:$F$38,F31:J31)/SUMPRODUCT(Bobot_Filter!$B$38:$F$38,ISNUMBER(F31:J31)*1),"") -> 1.0631451 | L31: =IF(AND($A31>=$B$6,$A31<=$B$7),SUMPRODUCT(Bobot_Filter!$B$4:$B$16,K25:K37),"") -> 0.9985298 | M31: =K31/INDEX($L$12:$L$71,MAX($B$6,MIN($A31,$B$7))) -> 1.0647104 | N31: =C31/M31 -> 261.10386 | O31: =IF(AND($A31>=$B$6,$A31<=$B$7),SUMPRODUCT(Bobot_Filter!$B$20:$B$32,N25:N37),"") -> 276.3277 | P31: =IF(ISNUMBER(O31),C31/O31,"") -> 1.0060519 | Q31: =IF(AND($A31+(-36)>=1,$A31+(-36)<=$B$8),INDEX($P$12:$P$71,$A31+(-36)),"") | R31: =IF(AND($A31+(-24)>=1,$A31+(-24)<=$B$8),INDEX($P$12:$P$71,$A31+(-24)),"") | S31: =IF(AND($A31+(-12)>=1,$A31+(-12)<=$B$8),INDEX($P$12:$P$71,$A31+(-12)),"") -> 1.0833054 | T31: =IF(AND($A31+(0)>=1,$A31+(0)<=$B$8),INDEX($P$12:$P$71,$A31+(0)),"") -> 1.0060519 | U31: =IF(AND($A31+(12)>=1,$A31+(12)<=$B$8),INDEX($P$12:$P$71,$A31+(12)),"") -> 1.1082055 | V31: =IF(AND($A31+(24)>=1,$A31+(24)<=$B$8),INDEX($P$12:$P$71,$A31+(24)),"") -> 1.1083661 | W31: =IF(AND($A31+(36)>=1,$A31+(36)<=$B$8),INDEX($P$12:$P$71,$A31+(36)),"") | X31: =IF(SUMPRODUCT(Bobot_Filter!$B$43:$H$43,ISNUMBER(Q31:W31)*1)>0,SUMPRODUCT(Bobot_Filter!$B$43:$H$43,Q31:W31)/SUMPRODUCT(Bobot_Filter!$B$43:$H$43,ISNUMBER(Q31:W31)*1),"") -> 1.0735837 | Y31: =IF(AND($A31>=$B$6,$A31<=$B$7),SUMPRODUCT(Bobot_Filter!$B$4:$B$16,X25:X37),"") -> 0.99974319 | Z31: =X31/INDEX($Y$12:$Y$71,MAX($B$6,MIN($A31,$B$7))) -> 1.0738595 | AA31: =C31/Z31 -> 258.87931 | AB31: =IF(AND($A31>=$B$6,$A31<=$B$7),SUMPRODUCT(Bobot_Filter!$B$20:$B$32,AA25:AA37),"") -> 276.24601 | AC31: =IF(ISNUMBER(AB31),AA31/AB31,"") -> 0.93713321 | AD31: =$B$4+$B$3*A31 -> 280.46814 | AE31: =AD31*Z31 -> 301.18337 | AF31: =ABS(C31-AE31)/C31 -> 0.083393402
A32: 21 | B32: =Data!B25 -> 44958 | C32: =Data!D25 -> 254 | D32: =IF(AND($A32>=$B$6,$A32<=$B$7),SUMPRODUCT(Bobot_Filter!$B$4:$B$16,C26:C38),"") -> 280.875 | E32: =IF(ISNUMBER(D32),C32/D32,"") -> 0.90431687 | F32: =IF(AND($A32+(-24)>=1,$A32+(-24)<=$B$8),INDEX($E$12:$E$71,$A32+(-24)),"") | G32: =IF(AND($A32+(-12)>=1,$A32+(-12)<=$B$8),INDEX($E$12:$E$71,$A32+(-12)),"") -> 0.90538033 | H32: =IF(AND($A32+(0)>=1,$A32+(0)<=$B$8),INDEX($E$12:$E$71,$A32+(0)),"") -> 0.90431687 | I32: =IF(AND($A32+(12)>=1,$A32+(12)<=$B$8),INDEX($E$12:$E$71,$A32+(12)),"") -> 0.95959454 | J32: =IF(AND($A32+(24)>=1,$A32+(24)<=$B$8),INDEX($E$12:$E$71,$A32+(24)),"") -> 0.9098646 | K32: =IF(SUMPRODUCT(Bobot_Filter!$B$38:$F$38,ISNUMBER(F32:J32)*1)>0,SUMPRODUCT(Bobot_Filter!$B$38:$F$38,F32:J32)/SUMPRODUCT(Bobot_Filter!$B$38:$F$38,ISNUMBER(F32:J32)*1),"") -> 0.91909562 | L32: =IF(AND($A32>=$B$6,$A32<=$B$7),SUMPRODUCT(Bobot_Filter!$B$4:$B$16,K26:K38),"") -> 0.99921674 | M32: =K32/INDEX($L$12:$L$71,MAX($B$6,MIN($A32,$B$7))) -> 0.91981607 | N32: =C32/M32 -> 276.14216 | O32: =IF(AND($A32>=$B$6,$A32<=$B$7),SUMPRODUCT(Bobot_Filter!$B$20:$B$32,N26:N38),"") -> 276.75936 | P32: =IF(ISNUMBER(O32),C32/O32,"") -> 0.91776479 | Q32: =IF(AND($A32+(-36)>=1,$A32+(-36)<=$B$8),INDEX($P$12:$P$71,$A32+(-36)),"") | R32: =IF(AND($A32+(-24)>=1,$A32+(-24)<=$B$8),INDEX($P$12:$P$71,$A32+(-24)),"") | S32: =IF(AND($A32+(-12)>=1,$A32+(-12)<=$B$8),INDEX($P$12:$P$71,$A32+(-12)),"") -> 0.91862989 | T32: =IF(AND($A32+(0)>=1,$A32+(0)<=$B$8),INDEX($P$12:$P$71,$A32+(0)),"") -> 0.91776479 | U32: =IF(AND($A32+(12)>=1,$A32+(12)<=$B$8),INDEX($P$12:$P$71,$A32+(12)),"") -> 0.93867107 | V32: =IF(AND($A32+(24)>=1,$A32+(24)<=$B$8),INDEX($P$12:$P$71,$A32+(24)),"") -> 0.91942337 | W32: =IF(AND($A32+(36)>=1,$A32+(36)<=$B$8),INDEX($P$12:$P$71,$A32+(36)),"") | X32: =IF(SUMPRODUCT(Bobot_Filter!$B$43:$H$43,ISNUMBER(Q32:W32)*1)>0,SUMPRODUCT(Bobot_Filter!$B$43:$H$43,Q32:W32)/SUMPRODUCT(Bobot_Filter!$B$43:$H$43,ISNUMBER(Q32:W32)*1),"") -> 0.924004 | Y32: =IF(AND($A32>=$B$6,$A32<=$B$7),SUMPRODUCT(Bobot_Filter!$B$4:$B$16,X26:X38),"") -> 1.00003 | Z32: =X32/INDEX($Y$12:$Y$71,MAX($B$6,MIN($A32,$B$7))) -> 0.92397629 | AA32: =C32/Z32 -> 274.89883 | AB32: =IF(AND($A32>=$B$6,$A32<=$B$7),SUMPRODUCT(Bobot_Filter!$B$20:$B$32,AA26:AA38),"") -> 276.27563 | AC32: =IF(ISNUMBER(AB32),AA32/AB32,"") -> 0.99501658 | AD32: =$B$4+$B$3*A32 -> 282.01721 | AE32: =AD32*Z32 -> 260.57722 | AF32: =ABS(C32-AE32)/C32 -> 0.025894551
A33: 22 | B33: =Data!B26 -> 44986 | C33: =Data!D26 -> 297 | D33: =IF(AND($A33>=$B$6,$A33<=$B$7),SUMPRODUCT(Bobot_Filter!$B$4:$B$16,C27:C39),"") -> 282.54167 | E33: =IF(ISNUMBER(D33),C33/D33,"") -> 1.0511724 | F33: =IF(AND($A33+(-24)>=1,$A33+(-24)<=$B$8),INDEX($E$12:$E$71,$A33+(-24)),"") | G33: =IF(AND($A33+(-12)>=1,$A33+(-12)<=$B$8),INDEX($E$12:$E$71,$A33+(-12)),"") -> 0.90956709 | H33: =IF(AND($A33+(0)>=1,$A33+(0)<=$B$8),INDEX($E$12:$E$71,$A33+(0)),"") -> 1.0511724 | I33: =IF(AND($A33+(12)>=1,$A33+(12)<=$B$8),INDEX($E$12:$E$71,$A33+(12)),"") -> 1.2035299 | J33: =IF(AND($A33+(24)>=1,$A33+(24)<=$B$8),INDEX($E$12:$E$71,$A33+(24)),"") -> 1.240159 | K33: =IF(SUMPRODUCT(Bobot_Filter!$B$38:$F$38,ISNUMBER(F33:J33)*1)>0,SUMPRODUCT(Bobot_Filter!$B$38:$F$38,F33:J33)/SUMPRODUCT(Bobot_Filter!$B$38:$F$38,ISNUMBER(F33:J33)*1),"") -> 1.0774838 | L33: =IF(AND($A33>=$B$6,$A33<=$B$7),SUMPRODUCT(Bobot_Filter!$B$4:$B$16,K27:K39),"") -> 0.99965272 | M33: =K33/INDEX($L$12:$L$71,MAX($B$6,MIN($A33,$B$7))) -> 1.0778581 | N33: =C33/M33 -> 275.54648 | O33: =IF(AND($A33>=$B$6,$A33<=$B$7),SUMPRODUCT(Bobot_Filter!$B$20:$B$32,N27:N39),"") -> 278.46386 | P33: =IF(ISNUMBER(O33),C33/O33,"") -> 1.0665657 | Q33: =IF(AND($A33+(-36)>=1,$A33+(-36)<=$B$8),INDEX($P$12:$P$71,$A33+(-36)),"") | R33: =IF(AND($A33+(-24)>=1,$A33+(-24)<=$B$8),INDEX($P$12:$P$71,$A33+(-24)),"") | S33: =IF(AND($A33+(-12)>=1,$A33+(-12)<=$B$8),INDEX($P$12:$P$71,$A33+(-12)),"") -> 0.9198728 | T33: =IF(AND($A33+(0)>=1,$A33+(0)<=$B$8),INDEX($P$12:$P$71,$A33+(0)),"") -> 1.0665657 | U33: =IF(AND($A33+(12)>=1,$A33+(12)<=$B$8),INDEX($P$12:$P$71,$A33+(12)),"") -> 1.1889954 | V33: =IF(AND($A33+(24)>=1,$A33+(24)<=$B$8),INDEX($P$12:$P$71,$A33+(24)),"") -> 1.2466261 | W33: =IF(AND($A33+(36)>=1,$A33+(36)<=$B$8),INDEX($P$12:$P$71,$A33+(36)),"") | X33: =IF(SUMPRODUCT(Bobot_Filter!$B$43:$H$43,ISNUMBER(Q33:W33)*1)>0,SUMPRODUCT(Bobot_Filter!$B$43:$H$43,Q33:W33)/SUMPRODUCT(Bobot_Filter!$B$43:$H$43,ISNUMBER(Q33:W33)*1),"") -> 1.0926867 | Y33: =IF(AND($A33>=$B$6,$A33<=$B$7),SUMPRODUCT(Bobot_Filter!$B$4:$B$16,X27:X39),"") -> 1.0001982 | Z33: =X33/INDEX($Y$12:$Y$71,MAX($B$6,MIN($A33,$B$7))) -> 1.0924702 | AA33: =C33/Z33 -> 271.86097 | AB33: =IF(AND($A33>=$B$6,$A33<=$B$7),SUMPRODUCT(Bobot_Filter!$B$20:$B$32,AA27:AA39),"") -> 277.82837 | AC33: =IF(ISNUMBER(AB33),AA33/AB33,"") -> 0.9785213 | AD33: =$B$4+$B$3*A33 -> 283.56628 | AE33: =AD33*Z33 -> 309.7877 | AF33: =ABS(C33-AE33)/C33 -> 0.043056227
A34: 23 | B34: =Data!B27 -> 45017 | C34: =Data!D27 -> 352 | D34: =IF(AND($A34>=$B$6,$A34<=$B$7),SUMPRODUCT(Bobot_Filter!$B$4:$B$16,C28:C40),"") -> 284.25 | E34: =IF(ISNUMBER(D34),C34/D34,"") -> 1.2383465 | F34: =IF(AND($A34+(-24)>=1,$A34+(-24)<=$B$8),INDEX($E$12:$E$71,$A34+(-24)),"") | G34: =IF(AND($A34+(-12)>=1,$A34+(-12)<=$B$8),INDEX($E$12:$E$71,$A34+(-12)),"") -> 1.282273 | H34: =IF(AND($A34+(0)>=1,$A34+(0)<=$B$8),INDEX($E$12:$E$71,$A34+(0)),"") -> 1.2383465 | I34: =IF(AND($A34+(12)>=1,$A34+(12)<=$B$8),INDEX($E$12:$E$71,$A34+(12)),"") -> 1.0732795 | J34: =IF(AND($A34+(24)>=1,$A34+(24)<=$B$8),INDEX($E$12:$E$71,$A34+(24)),"") -> 1.0843466 | K34: =IF(SUMPRODUCT(Bobot_Filter!$B$38:$F$38,ISNUMBER(F34:J34)*1)>0,SUMPRODUCT(Bobot_Filter!$B$38:$F$38,F34:J34)/SUMPRODUCT(Bobot_Filter!$B$38:$F$38,ISNUMBER(F34:J34)*1),"") -> 1.1888114 | L34: =IF(AND($A34>=$B$6,$A34<=$B$7),SUMPRODUCT(Bobot_Filter!$B$4:$B$16,K28:K40),"") -> 0.99984013 | M34: =K34/INDEX($L$12:$L$71,MAX($B$6,MIN($A34,$B$7))) -> 1.1890015 | N34: =C34/M34 -> 296.04673 | O34: =IF(AND($A34>=$B$6,$A34<=$B$7),SUMPRODUCT(Bobot_Filter!$B$20:$B$32,N28:N40),"") -> 281.49126 | P34: =IF(ISNUMBER(O34),C34/O34,"") -> 1.2504829 | Q34: =IF(AND($A34+(-36)>=1,$A34+(-36)<=$B$8),INDEX($P$12:$P$71,$A34+(-36)),"") | R34: =IF(AND($A34+(-24)>=1,$A34+(-24)<=$B$8),INDEX($P$12:$P$71,$A34+(-24)),"") | S34: =IF(AND($A34+(-12)>=1,$A34+(-12)<=$B$8),INDEX($P$12:$P$71,$A34+(-12)),"") -> 1.2794755 | T34: =IF(AND($A34+(0)>=1,$A34+(0)<=$B$8),INDEX($P$12:$P$71,$A34+(0)),"") -> 1.2504829 | U34: =IF(AND($A34+(12)>=1,$A34+(12)<=$B$8),INDEX($P$12:$P$71,$A34+(12)),"") -> 1.0775784 | V34: =IF(AND($A34+(24)>=1,$A34+(24)<=$B$8),INDEX($P$12:$P$71,$A34+(24)),"") -> 1.0781246 | W34: =IF(AND($A34+(36)>=1,$A34+(36)<=$B$8),INDEX($P$12:$P$71,$A34+(36)),"") | X34: =IF(SUMPRODUCT(Bobot_Filter!$B$43:$H$43,ISNUMBER(Q34:W34)*1)>0,SUMPRODUCT(Bobot_Filter!$B$43:$H$43,Q34:W34)/SUMPRODUCT(Bobot_Filter!$B$43:$H$43,ISNUMBER(Q34:W34)*1),"") -> 1.1798963 | Y34: =IF(AND($A34>=$B$6,$A34<=$B$7),SUMPRODUCT(Bobot_Filter!$B$4:$B$16,X28:X40),"") -> 1.000155 | Z34: =X34/INDEX($Y$12:$Y$71,MAX($B$6,MIN($A34,$B$7))) -> 1.1797134 | AA34: =C34/Z34 -> 298.37755 | AB34: =IF(AND($A34>=$B$6,$A34<=$B$7),SUMPRODUCT(Bobot_Filter!$B$20:$B$32,AA28:AA40),"") -> 281.06585 | AC34: =IF(ISNUMBER(AB34),AA34/AB34,"") -> 1.061593 | AD34: =$B$4+$B$3*A34 -> 285.11535 | AE34: =AD34*Z34 -> 336.3544 | AF34: =ABS(C34-AE34)/C34 -> 0.044447719
A35: 24 | B35: =Data!B28 -> 45047 | C35: =Data!D28 -> 261 | D35: =IF(AND($A35>=$B$6,$A35<=$B$7),SUMPRODUCT(Bobot_Filter!$B$4:$B$16,C29:C41),"") -> 284.66667 | E35: =IF(ISNUMBER(D35),C35/D35,"") -> 0.91686183 | F35: =IF(AND($A35+(-24)>=1,$A35+(-24)<=$B$8),INDEX($E$12:$E$71,$A35+(-24)),"") | G35: =IF(AND($A35+(-12)>=1,$A35+(-12)<=$B$8),INDEX($E$12:$E$71,$A35+(-12)),"") -> 1.0675696 | H35: =IF(AND($A35+(0)>=1,$A35+(0)<=$B$8),INDEX($E$12:$E$71,$A35+(0)),"") -> 0.91686183 | I35: =IF(AND($A35+(12)>=1,$A35+(12)<=$B$8),INDEX($E$12:$E$71,$A35+(12)),"") -> 0.9484193 | J35: =IF(AND($A35+(24)>=1,$A35+(24)<=$B$8),INDEX($E$12:$E$71,$A35+(24)),"") -> 0.84982805 | K35: =IF(SUMPRODUCT(Bobot_Filter!$B$38:$F$38,ISNUMBER(F35:J35)*1)>0,SUMPRODUCT(Bobot_Filter!$B$38:$F$38,F35:J35)/SUMPRODUCT(Bobot_Filter!$B$38:$F$38,ISNUMBER(F35:J35)*1),"") -> 0.95404893 | L35: =IF(AND($A35>=$B$6,$A35<=$B$7),SUMPRODUCT(Bobot_Filter!$B$4:$B$16,K29:K41),"") -> 0.99919588 | M35: =K35/INDEX($L$12:$L$71,MAX($B$6,MIN($A35,$B$7))) -> 0.95481671 | N35: =C35/M35 -> 273.35089 | O35: =IF(AND($A35>=$B$6,$A35<=$B$7),SUMPRODUCT(Bobot_Filter!$B$20:$B$32,N29:N41),"") -> 285.31928 | P35: =IF(ISNUMBER(O35),C35/O35,"") -> 0.91476467 | Q35: =IF(AND($A35+(-36)>=1,$A35+(-36)<=$B$8),INDEX($P$12:$P$71,$A35+(-36)),"") | R35: =IF(AND($A35+(-24)>=1,$A35+(-24)<=$B$8),INDEX($P$12:$P$71,$A35+(-24)),"") | S35: =IF(AND($A35+(-12)>=1,$A35+(-12)<=$B$8),INDEX($P$12:$P$71,$A35+(-12)),"") -> 1.0608962 | T35: =IF(AND($A35+(0)>=1,$A35+(0)<=$B$8),INDEX($P$12:$P$71,$A35+(0)),"") -> 0.91476467 | U35: =IF(AND($A35+(12)>=1,$A35+(12)<=$B$8),INDEX($P$12:$P$71,$A35+(12)),"") -> 0.96655518 | V35: =IF(AND($A35+(24)>=1,$A35+(24)<=$B$8),INDEX($P$12:$P$71,$A35+(24)),"") -> 0.83975056 | W35: =IF(AND($A35+(36)>=1,$A35+(36)<=$B$8),INDEX($P$12:$P$71,$A35+(36)),"") | X35: =IF(SUMPRODUCT(Bobot_Filter!$B$43:$H$43,ISNUMBER(Q35:W35)*1)>0,SUMPRODUCT(Bobot_Filter!$B$43:$H$43,Q35:W35)/SUMPRODUCT(Bobot_Filter!$B$43:$H$43,ISNUMBER(Q35:W35)*1),"") -> 0.95510447 | Y35: =IF(AND($A35>=$B$6,$A35<=$B$7),SUMPRODUCT(Bobot_Filter!$B$4:$B$16,X29:X41),"") -> 1.000002 | Z35: =X35/INDEX($Y$12:$Y$71,MAX($B$6,MIN($A35,$B$7))) -> 0.95510256 | AA35: =C35/Z35 -> 273.26908 | AB35: =IF(AND($A35>=$B$6,$A35<=$B$7),SUMPRODUCT(Bobot_Filter!$B$20:$B$32,AA29:AA41),"") -> 285.34961 | AC35: =IF(ISNUMBER(AB35),AA35/AB35,"") -> 0.95766411 | AD35: =$B$4+$B$3*A35 -> 286.66442 | AE35: =AD35*Z35 -> 273.79392 | AF35: =ABS(C35-AE35)/C35 -> 0.049018855
... A71: 60 | B71: =Data!B64 -> 46143 | C71: =Data!D64 -> 295 | D71: =IF(AND($A71>=$B$6,$A71<=$B$7),SUMPRODUCT(Bobot_Filter!$B$4:$B$16,C65:C77),"") | E71: =IF(ISNUMBER(D71),C71/D71,"") | F71: =IF(AND($A71+(-24)>=1,$A71+(-24)<=$B$8),INDEX($E$12:$E$71,$A71+(-24)),"") -> 0.9484193 | G71: =IF(AND($A71+(-12)>=1,$A71+(-12)<=$B$8),INDEX($E$12:$E$71,$A71+(-12)),"") -> 0.84982805 | H71: =IF(AND($A71+(0)>=1,$A71+(0)<=$B$8),INDEX($E$12:$E$71,$A71+(0)),"") | I71: =IF(AND($A71+(12)>=1,$A71+(12)<=$B$8),INDEX($E$12:$E$71,$A71+(12)),"") | J71: =IF(AND($A71+(24)>=1,$A71+(24)<=$B$8),INDEX($E$12:$E$71,$A71+(24)),"") | K71: =IF(SUMPRODUCT(Bobot_Filter!$B$38:$F$38,ISNUMBER(F71:J71)*1)>0,SUMPRODUCT(Bobot_Filter!$B$38:$F$38,F71:J71)/SUMPRODUCT(Bobot_Filter!$B$38:$F$38,ISNUMBER(F71:J71)*1),"") -> 0.8826918 | L71: =IF(AND($A71>=$B$6,$A71<=$B$7),SUMPRODUCT(Bobot_Filter!$B$4:$B$16,K65:K77),"") | M71: =K71/INDEX($L$12:$L$71,MAX($B$6,MIN($A71,$B$7))) -> 0.88055975 | N71: =C71/M71 -> 335.01418 | O71: =IF(AND($A71>=$B$6,$A71<=$B$7),SUMPRODUCT(Bobot_Filter!$B$20:$B$32,N65:N77),"") | P71: =IF(ISNUMBER(O71),C71/O71,"") | Q71: =IF(AND($A71+(-36)>=1,$A71+(-36)<=$B$8),INDEX($P$12:$P$71,$A71+(-36)),"") -> 0.91476467 | R71: =IF(AND($A71+(-24)>=1,$A71+(-24)<=$B$8),INDEX($P$12:$P$71,$A71+(-24)),"") -> 0.96655518 | S71: =IF(AND($A71+(-12)>=1,$A71+(-12)<=$B$8),INDEX($P$12:$P$71,$A71+(-12)),"") -> 0.83975056 | T71: =IF(AND($A71+(0)>=1,$A71+(0)<=$B$8),INDEX($P$12:$P$71,$A71+(0)),"") | U71: =IF(AND($A71+(12)>=1,$A71+(12)<=$B$8),INDEX($P$12:$P$71,$A71+(12)),"") | V71: =IF(AND($A71+(24)>=1,$A71+(24)<=$B$8),INDEX($P$12:$P$71,$A71+(24)),"") | W71: =IF(AND($A71+(36)>=1,$A71+(36)<=$B$8),INDEX($P$12:$P$71,$A71+(36)),"") | X71: =IF(SUMPRODUCT(Bobot_Filter!$B$43:$H$43,ISNUMBER(Q71:W71)*1)>0,SUMPRODUCT(Bobot_Filter!$B$43:$H$43,Q71:W71)/SUMPRODUCT(Bobot_Filter!$B$43:$H$43,ISNUMBER(Q71:W71)*1),"") -> 0.89452112 | Y71: =IF(AND($A71>=$B$6,$A71<=$B$7),SUMPRODUCT(Bobot_Filter!$B$4:$B$16,X65:X77),"") | Z71: =X71/INDEX($Y$12:$Y$71,MAX($B$6,MIN($A71,$B$7))) -> 0.89475191 | AA71: =C71/Z71 -> 329.70033 | AB71: =IF(AND($A71>=$B$6,$A71<=$B$7),SUMPRODUCT(Bobot_Filter!$B$20:$B$32,AA65:AA77),"") | AC71: =IF(ISNUMBER(AB71),AA71/AB71,"") | AD71: =$B$4+$B$3*A71 -> 342.43093 | AE71: =AD71*Z71 -> 306.39072 | AF71: =ABS(C71-AE71)/C71 -> 0.038612626
A72: 61 | B72: =EDATE(B71,1) -> 46174 | Z72: =Z60 -> 0.94764759 | AD72: =$B$4+$B$3*A72 -> 343.97999 | AE72: =AD72*Z72 -> 325.97181
A73: 62 | B73: =EDATE(B72,1) -> 46204 | Z73: =Z61 -> 1.0654487 | AD73: =$B$4+$B$3*A73 -> 345.52906 | AE73: =AD73*Z73 -> 368.14348
A74: 63 | B74: =EDATE(B73,1) -> 46235 | Z74: =Z62 -> 0.93109187 | AD74: =$B$4+$B$3*A74 -> 347.07813 | AE74: =AD74*Z74 -> 323.16163
A75: 64 | B75: =EDATE(B74,1) -> 46266 | Z75: =Z63 -> 0.9401721 | AD75: =$B$4+$B$3*A75 -> 348.6272 | AE75: =AD75*Z75 -> 327.76957
A76: 65 | B76: =EDATE(B75,1) -> 46296 | Z76: =Z64 -> 0.87995042 | AD76: =$B$4+$B$3*A76 -> 350.17627 | AE76: =AD76*Z76 -> 308.13776
A77: 66 | B77: =EDATE(B76,1) -> 46327 | Z77: =Z65 -> 0.91368498 | AD77: =$B$4+$B$3*A77 -> 351.72534 | AE77: =AD77*Z77 -> 321.36616
A78: 67 | B78: =EDATE(B77,1) -> 46357 | Z78: =Z66 -> 1.0875013 | AD78: =$B$4+$B$3*A78 -> 353.27441 | AE78: =AD78*Z78 -> 384.18638
A79: 68 | B79: =EDATE(B78,1) -> 46388 | Z79: =Z67 -> 1.0915417 | AD79: =$B$4+$B$3*A79 -> 354.82348 | AE79: =AD79*Z79 -> 387.30464
A80: 69 | B80: =EDATE(B79,1) -> 46419 | Z80: =Z68 -> 0.92580164 | AD80: =$B$4+$B$3*A80 -> 356.37255 | AE80: =AD80*Z80 -> 329.93029
A81: 70 | B81: =EDATE(B80,1) -> 46447 | Z81: =Z69 -> 1.1977148 | AD81: =$B$4+$B$3*A81 -> 357.92162 | AE81: =AD81*Z81 -> 428.68801
A82: 71 | B82: =EDATE(B81,1) -> 46478 | Z82: =Z70 -> 1.1069544 | AD82: =$B$4+$B$3*A82 -> 359.47069 | AE82: =AD82*Z82 -> 397.91767
A83: 72 | B83: =EDATE(B82,1) -> 46508 | Z83: =Z71 -> 0.89475191 | AD83: =$B$4+$B$3*A83 -> 361.01976 | AE83: =AD83*Z83 -> 323.02312

Sheet Census_MieGoreng_Uji
A1: DEKOMPOSISI CENSUS II (X-11 sederhana, multiplikatif) - Mie Goreng Spesial - UJI (latih t=1..48, uji t=49..60)
A3: Slope tren (per bulan) | B3: =SLOPE(AB18:AB53,A18:A53) -> 0.84966757 | C3: Langkah: (1) tren awal = MA 2x12; (2) SI = Y/tren; (3) musiman awal = filter 3x3 pada SI per bulan kalender, dinormalisasi MA 2x12; (4) Y disesuaikan = Y/S;
A4: Intersep tren | B4: =INTERCEPT(AB18:AB53,A18:A53) -> 225.2899 | C4: (5) tren = Henderson 13 pada Y disesuaikan; (6) ulangi dengan filter 3x5 -> S final & tren final; (7) tren diekstrapolasi linear (SLOPE/INTERCEPT atas tren Henderson).
A5: MAPE holdout (t=49..60) | B5: =AVERAGE(AF60:AF71) -> 0.10899248 | C5: Fitted/Ramalan = tren linear x S final (bulan ke depan memakai S bulan kalender yang sama). Di ujung data, bobot filter yang tidak tersedia dibuang & sisanya dinormalisasi ulang.
A6: t pertama tren tersedia | B6: 7 | C6: Kolom kosong = nilai belum tersedia (tepi data). Bobot filter di sheet Bobot_Filter.
A7: t terakhir tren tersedia | B7: =B8-6 -> 42
A8: n (jumlah data latih) | B8: 48
A9: MAPE in-sample (t=13..48) | B9: =AVERAGE(AF24:AF59) -> 0.039313365
A10: Data | D10: Iterasi 1 (musiman 3x3) | P10: Iterasi 2 (musiman 3x5) & hasil final | AD10: Fitted / Ramalan
A11: t | B11: Periode | C11: Y | D11: T1: MA 2x12 | E11: SI1 = Y/T1 | F11: SI1 t-24 | G11: SI1 t-12 | H11: SI1 t | I11: SI1 t+12 | J11: SI1 t+24 | K11: S1 mentah (3x3) | L11: MA 2x12 dari S1 | M11: S1 (dinormalisasi) | N11: A1 = Y/S1 | O11: T2: Henderson 13 | P11: SI2 = Y/T2 | Q11: SI2 t-36 | R11: SI2 t-24 | S11: SI2 t-12 | T11: SI2 t | U11: SI2 t+12 | V11: SI2 t+24 | W11: SI2 t+36 | X11: S2 mentah (3x5) | Y11: MA 2x12 dari S2 | Z11: S2 final | AA11: A2 = Y/S2 | AB11: T3: tren final (Henderson 13) | AC11: I = A2/T3 | AD11: Tren linear | AE11: Fitted / Ramalan | AF11: APE
A12: 1 | B12: =Data!B5 -> 44348 | C12: =Data!E5 -> 221 | D12: =IF(AND($A12>=$B$6,$A12<=$B$7),SUMPRODUCT(Bobot_Filter!$B$4:$B$16,C6:C18),"") | E12: =IF(ISNUMBER(D12),C12/D12,"") | F12: =IF(AND($A12+(-24)>=1,$A12+(-24)<=$B$8),INDEX($E$12:$E$59,$A12+(-24)),"") | G12: =IF(AND($A12+(-12)>=1,$A12+(-12)<=$B$8),INDEX($E$12:$E$59,$A12+(-12)),"") | H12: =IF(AND($A12+(0)>=1,$A12+(0)<=$B$8),INDEX($E$12:$E$59,$A12+(0)),"") | I12: =IF(AND($A12+(12)>=1,$A12+(12)<=$B$8),INDEX($E$12:$E$59,$A12+(12)),"") -> 0.97784132 | J12: =IF(AND($A12+(24)>=1,$A12+(24)<=$B$8),INDEX($E$12:$E$59,$A12+(24)),"") -> 0.9270557 | K12: =IF(SUMPRODUCT(Bobot_Filter!$B$38:$F$38,ISNUMBER(F12:J12)*1)>0,SUMPRODUCT(Bobot_Filter!$B$38:$F$38,F12:J12)/SUMPRODUCT(Bobot_Filter!$B$38:$F$38,ISNUMBER(F12:J12)*1),"") -> 0.96091278 | L12: =IF(AND($A12>=$B$6,$A12<=$B$7),SUMPRODUCT(Bobot_Filter!$B$4:$B$16,K6:K18),"") | M12: =K12/INDEX($L$12:$L$59,MAX($B$6,MIN($A12,$B$7))) -> 0.96461735 | N12: =C12/M12 -> 229.10639 | O12: =IF(AND($A12>=$B$6,$A12<=$B$7),SUMPRODUCT(Bobot_Filter!$B$20:$B$32,N6:N18),"") | P12: =IF(ISNUMBER(O12),C12/O12,"") | Q12: =IF(AND($A12+(-36)>=1,$A12+(-36)<=$B$8),INDEX($P$12:$P$59,$A12+(-36)),"") | R12: =IF(AND($A12+(-24)>=1,$A12+(-24)<=$B$8),INDEX($P$12:$P$59,$A12+(-24)),"") | S12: =IF(AND($A12+(-12)>=1,$A12+(-12)<=$B$8),INDEX($P$12:$P$59,$A12+(-12)),"") | T12: =IF(AND($A12+(0)>=1,$A12+(0)<=$B$8),INDEX($P$12:$P$59,$A12+(0)),"") | U12: =IF(AND($A12+(12)>=1,$A12+(12)<=$B$8),INDEX($P$12:$P$59,$A12+(12)),"") -> 0.96142357 | V12: =IF(AND($A12+(24)>=1,$A12+(24)<=$B$8),INDEX($P$12:$P$59,$A12+(24)),"") -> 0.9334777 | W12: =IF(AND($A12+(36)>=1,$A12+(36)<=$B$8),INDEX($P$12:$P$59,$A12+(36)),"") -> 0.93445646 | X12: =IF(SUMPRODUCT(Bobot_Filter!$B$43:$H$43,ISNUMBER(Q12:W12)*1)>0,SUMPRODUCT(Bobot_Filter!$B$43:$H$43,Q12:W12)/SUMPRODUCT(Bobot_Filter!$B$43:$H$43,ISNUMBER(Q12:W12)*1),"") -> 0.94761376 | Y12: =IF(AND($A12>=$B$6,$A12<=$B$7),SUMPRODUCT(Bobot_Filter!$B$4:$B$16,X6:X18),"") | Z12: =X12/INDEX($Y$12:$Y$59,MAX($B$6,MIN($A12,$B$7))) -> 0.94871976 | AA12: =C12/Z12 -> 232.9455 | AB12: =IF(AND($A12>=$B$6,$A12<=$B$7),SUMPRODUCT(Bobot_Filter!$B$20:$B$32,AA6:AA18),"") | AC12: =IF(ISNUMBER(AB12),AA12/AB12,"") | AD12: =$B$4+$B$3*A12 -> 226.13957 | AE12: =AD12*Z12 -> 214.54308
A13: 2 | B13: =Data!B6 -> 44378 | C13: =Data!E6 -> 238 | D13: =IF(AND($A13>=$B$6,$A13<=$B$7),SUMPRODUCT(Bobot_Filter!$B$4:$B$16,C7:C19),"") | E13: =IF(ISNUMBER(D13),C13/D13,"") | F13: =IF(AND($A13+(-24)>=1,$A13+(-24)<=$B$8),INDEX($E$12:$E$59,$A13+(-24)),"") | G13: =IF(AND($A13+(-12)>=1,$A13+(-12)<=$B$8),INDEX($E$12:$E$59,$A13+(-12)),"") | H13: =IF(AND($A13+(0)>=1,$A13+(0)<=$B$8),INDEX($E$12:$E$59,$A13+(0)),"") | I13: =IF(AND($A13+(12)>=1,$A13+(12)<=$B$8),INDEX($E$12:$E$59,$A13+(12)),"") -> 1.0470085 | J13: =IF(AND($A13+(24)>=1,$A13+(24)<=$B$8),INDEX($E$12:$E$59,$A13+(24)),"") -> 1.0545094 | K13: =IF(SUMPRODUCT(Bobot_Filter!$B$38:$F$38,ISNUMBER(F13:J13)*1)>0,SUMPRODUCT(Bobot_Filter!$B$38:$F$38,F13:J13)/SUMPRODUCT(Bobot_Filter!$B$38:$F$38,ISNUMBER(F13:J13)*1),"") -> 1.0495088 | L13: =IF(AND($A13>=$B$6,$A13<=$B$7),SUMPRODUCT(Bobot_Filter!$B$4:$B$16,K7:K19),"") | M13: =K13/INDEX($L$12:$L$59,MAX($B$6,MIN($A13,$B$7))) -> 1.053555 | N13: =C13/M13 -> 225.90184 | O13: =IF(AND($A13>=$B$6,$A13<=$B$7),SUMPRODUCT(Bobot_Filter!$B$20:$B$32,N7:N19),"") | P13: =IF(ISNUMBER(O13),C13/O13,"") | Q13: =IF(AND($A13+(-36)>=1,$A13+(-36)<=$B$8),INDEX($P$12:$P$59,$A13+(-36)),"") | R13: =IF(AND($A13+(-24)>=1,$A13+(-24)<=$B$8),INDEX($P$12:$P$59,$A13+(-24)),"") | S13: =IF(AND($A13+(-12)>=1,$A13+(-12)<=$B$8),INDEX($P$12:$P$59,$A13+(-12)),"") | T13: =IF(AND($A13+(0)>=1,$A13+(0)<=$B$8),INDEX($P$12:$P$59,$A13+(0)),"") | U13: =IF(AND($A13+(12)>=1,$A13+(12)<=$B$8),INDEX($P$12:$P$59,$A13+(12)),"") -> 1.0290693 | V13: =IF(AND($A13+(24)>=1,$A13+(24)<=$B$8),INDEX($P$12:$P$59,$A13+(24)),"") -> 1.0529788 | W13: =IF(AND($A13+(36)>=1,$A13+(36)<=$B$8),INDEX($P$12:$P$59,$A13+(36)),"") -> 1.0359702 | X13: =IF(SUMPRODUCT(Bobot_Filter!$B$43:$H$43,ISNUMBER(Q13:W13)*1)>0,SUMPRODUCT(Bobot_Filter!$B$43:$H$43,Q13:W13)/SUMPRODUCT(Bobot_Filter!$B$43:$H$43,ISNUMBER(Q13:W13)*1),"") -> 1.0381893 | Y13: =IF(AND($A13>=$B$6,$A13<=$B$7),SUMPRODUCT(Bobot_Filter!$B$4:$B$16,X7:X19),"") | Z13: =X13/INDEX($Y$12:$Y$59,MAX($B$6,MIN($A13,$B$7))) -> 1.039401 | AA13: =C13/Z13 -> 228.97804 | AB13: =IF(AND($A13>=$B$6,$A13<=$B$7),SUMPRODUCT(Bobot_Filter!$B$20:$B$32,AA7:AA19),"") | AC13: =IF(ISNUMBER(AB13),AA13/AB13,"") | AD13: =$B$4+$B$3*A13 -> 226.98924 | AE13: =AD13*Z13 -> 235.93284
A14: 3 | B14: =Data!B7 -> 44409 | C14: =Data!E7 -> 222 | D14: =IF(AND($A14>=$B$6,$A14<=$B$7),SUMPRODUCT(Bobot_Filter!$B$4:$B$16,C8:C20),"") | E14: =IF(ISNUMBER(D14),C14/D14,"") | F14: =IF(AND($A14+(-24)>=1,$A14+(-24)<=$B$8),INDEX($E$12:$E$59,$A14+(-24)),"") | G14: =IF(AND($A14+(-12)>=1,$A14+(-12)<=$B$8),INDEX($E$12:$E$59,$A14+(-12)),"") | H14: =IF(AND($A14+(0)>=1,$A14+(0)<=$B$8),INDEX($E$12:$E$59,$A14+(0)),"") | I14: =IF(AND($A14+(12)>=1,$A14+(12)<=$B$8),INDEX($E$12:$E$59,$A14+(12)),"") -> 0.94208766 | J14: =IF(AND($A14+(24)>=1,$A14+(24)<=$B$8),INDEX($E$12:$E$59,$A14+(24)),"") -> 0.89064039 | K14: =IF(SUMPRODUCT(Bobot_Filter!$B$38:$F$38,ISNUMBER(F14:J14)*1)>0,SUMPRODUCT(Bobot_Filter!$B$38:$F$38,F14:J14)/SUMPRODUCT(Bobot_Filter!$B$38:$F$38,ISNUMBER(F14:J14)*1),"") -> 0.92493857 | L14: =IF(AND($A14>=$B$6,$A14<=$B$7),SUMPRODUCT(Bobot_Filter!$B$4:$B$16,K8:K20),"") | M14: =K14/INDEX($L$12:$L$59,MAX($B$6,MIN($A14,$B$7))) -> 0.92850445 | N14: =C14/M14 -> 239.09417 | O14: =IF(AND($A14>=$B$6,$A14<=$B$7),SUMPRODUCT(Bobot_Filter!$B$20:$B$32,N8:N20),"") | P14: =IF(ISNUMBER(O14),C14/O14,"") | Q14: =IF(AND($A14+(-36)>=1,$A14+(-36)<=$B$8),INDEX($P$12:$P$59,$A14+(-36)),"") | R14: =IF(AND($A14+(-24)>=1,$A14+(-24)<=$B$8),INDEX($P$12:$P$59,$A14+(-24)),"") | S14: =IF(AND($A14+(-12)>=1,$A14+(-12)<=$B$8),INDEX($P$12:$P$59,$A14+(-12)),"") | T14: =IF(AND($A14+(0)>=1,$A14+(0)<=$B$8),INDEX($P$12:$P$59,$A14+(0)),"") | U14: =IF(AND($A14+(12)>=1,$A14+(12)<=$B$8),INDEX($P$12:$P$59,$A14+(12)),"") -> 0.93986651 | V14: =IF(AND($A14+(24)>=1,$A14+(24)<=$B$8),INDEX($P$12:$P$59,$A14+(24)),"") -> 0.88370206 | W14: =IF(AND($A14+(36)>=1,$A14+(36)<=$B$8),INDEX($P$12:$P$59,$A14+(36)),"") -> 0.89831867 | X14: =IF(SUMPRODUCT(Bobot_Filter!$B$43:$H$43,ISNUMBER(Q14:W14)*1)>0,SUMPRODUCT(Bobot_Filter!$B$43:$H$43,Q14:W14)/SUMPRODUCT(Bobot_Filter!$B$43:$H$43,ISNUMBER(Q14:W14)*1),"") -> 0.91422039 | Y14: =IF(AND($A14>=$B$6,$A14<=$B$7),SUMPRODUCT(Bobot_Filter!$B$4:$B$16,X8:X20),"") | Z14: =X14/INDEX($Y$12:$Y$59,MAX($B$6,MIN($A14,$B$7))) -> 0.91528741 | AA14: =C14/Z14 -> 242.54676 | AB14: =IF(AND($A14>=$B$6,$A14<=$B$7),SUMPRODUCT(Bobot_Filter!$B$20:$B$32,AA8:AA20),"") | AC14: =IF(ISNUMBER(AB14),AA14/AB14,"") | AD14: =$B$4+$B$3*A14 -> 227.8389 | AE14: =AD14*Z14 -> 208.53808
A15: 4 | B15: =Data!B8 -> 44440 | C15: =Data!E8 -> 204 | D15: =IF(AND($A15>=$B$6,$A15<=$B$7),SUMPRODUCT(Bobot_Filter!$B$4:$B$16,C9:C21),"") | E15: =IF(ISNUMBER(D15),C15/D15,"") | F15: =IF(AND($A15+(-24)>=1,$A15+(-24)<=$B$8),INDEX($E$12:$E$59,$A15+(-24)),"") | G15: =IF(AND($A15+(-12)>=1,$A15+(-12)<=$B$8),INDEX($E$12:$E$59,$A15+(-12)),"") | H15: =IF(AND($A15+(0)>=1,$A15+(0)<=$B$8),INDEX($E$12:$E$59,$A15+(0)),"") | I15: =IF(AND($A15+(12)>=1,$A15+(12)<=$B$8),INDEX($E$12:$E$59,$A15+(12)),"") -> 0.85788652 | J15: =IF(AND($A15+(24)>=1,$A15+(24)<=$B$8),INDEX($E$12:$E$59,$A15+(24)),"") -> 0.9468536 | K15: =IF(SUMPRODUCT(Bobot_Filter!$B$38:$F$38,ISNUMBER(F15:J15)*1)>0,SUMPRODUCT(Bobot_Filter!$B$38:$F$38,F15:J15)/SUMPRODUCT(Bobot_Filter!$B$38:$F$38,ISNUMBER(F15:J15)*1),"") -> 0.88754221 | L15: =IF(AND($A15>=$B$6,$A15<=$B$7),SUMPRODUCT(Bobot_Filter!$B$4:$B$16,K9:K21),"") | M15: =K15/INDEX($L$12:$L$59,MAX($B$6,MIN($A15,$B$7))) -> 0.89096392 | N15: =C15/M15 -> 228.9655 | O15: =IF(AND($A15>=$B$6,$A15<=$B$7),SUMPRODUCT(Bobot_Filter!$B$20:$B$32,N9:N21),"") | P15: =IF(ISNUMBER(O15),C15/O15,"") | Q15: =IF(AND($A15+(-36)>=1,$A15+(-36)<=$B$8),INDEX($P$12:$P$59,$A15+(-36)),"") | R15: =IF(AND($A15+(-24)>=1,$A15+(-24)<=$B$8),INDEX($P$12:$P$59,$A15+(-24)),"") | S15: =IF(AND($A15+(-12)>=1,$A15+(-12)<=$B$8),INDEX($P$12:$P$59,$A15+(-12)),"") | T15: =IF(AND($A15+(0)>=1,$A15+(0)<=$B$8),INDEX($P$12:$P$59,$A15+(0)),"") | U15: =IF(AND($A15+(12)>=1,$A15+(12)<=$B$8),INDEX($P$12:$P$59,$A15+(12)),"") -> 0.87126774 | V15: =IF(AND($A15+(24)>=1,$A15+(24)<=$B$8),INDEX($P$12:$P$59,$A15+(24)),"") -> 0.93791851 | W15: =IF(AND($A15+(36)>=1,$A15+(36)<=$B$8),INDEX($P$12:$P$59,$A15+(36)),"") -> 0.91712694 | X15: =IF(SUMPRODUCT(Bobot_Filter!$B$43:$H$43,ISNUMBER(Q15:W15)*1)>0,SUMPRODUCT(Bobot_Filter!$B$43:$H$43,Q15:W15)/SUMPRODUCT(Bobot_Filter!$B$43:$H$43,ISNUMBER(Q15:W15)*1),"") -> 0.90112786 | Y15: =IF(AND($A15>=$B$6,$A15<=$B$7),SUMPRODUCT(Bobot_Filter!$B$4:$B$16,X9:X21),"") | Z15: =X15/INDEX($Y$12:$Y$59,MAX($B$6,MIN($A15,$B$7))) -> 0.90217961 | AA15: =C15/Z15 -> 226.11905 | AB15: =IF(AND($A15>=$B$6,$A15<=$B$7),SUMPRODUCT(Bobot_Filter!$B$20:$B$32,AA9:AA21),"") | AC15: =IF(ISNUMBER(AB15),AA15/AB15,"") | AD15: =$B$4+$B$3*A15 -> 228.68857 | AE15: =AD15*Z15 -> 206.31817
A16: 5 | B16: =Data!B9 -> 44470 | C16: =Data!E9 -> 221 | D16: =IF(AND($A16>=$B$6,$A16<=$B$7),SUMPRODUCT(Bobot_Filter!$B$4:$B$16,C10:C22),"") | E16: =IF(ISNUMBER(D16),C16/D16,"") | F16: =IF(AND($A16+(-24)>=1,$A16+(-24)<=$B$8),INDEX($E$12:$E$59,$A16+(-24)),"") | G16: =IF(AND($A16+(-12)>=1,$A16+(-12)<=$B$8),INDEX($E$12:$E$59,$A16+(-12)),"") | H16: =IF(AND($A16+(0)>=1,$A16+(0)<=$B$8),INDEX($E$12:$E$59,$A16+(0)),"") | I16: =IF(AND($A16+(12)>=1,$A16+(12)<=$B$8),INDEX($E$12:$E$59,$A16+(12)),"") -> 0.85448916 | J16: =IF(AND($A16+(24)>=1,$A16+(24)<=$B$8),INDEX($E$12:$E$59,$A16+(24)),"") -> 0.94201954 | K16: =IF(SUMPRODUCT(Bobot_Filter!$B$38:$F$38,ISNUMBER(F16:J16)*1)>0,SUMPRODUCT(Bobot_Filter!$B$38:$F$38,F16:J16)/SUMPRODUCT(Bobot_Filter!$B$38:$F$38,ISNUMBER(F16:J16)*1),"") -> 0.88366596 | L16: =IF(AND($A16>=$B$6,$A16<=$B$7),SUMPRODUCT(Bobot_Filter!$B$4:$B$16,K10:K22),"") | M16: =K16/INDEX($L$12:$L$59,MAX($B$6,MIN($A16,$B$7))) -> 0.88707272 | N16: =C16/M16 -> 249.13403 | O16: =IF(AND($A16>=$B$6,$A16<=$B$7),SUMPRODUCT(Bobot_Filter!$B$20:$B$32,N10:N22),"") | P16: =IF(ISNUMBER(O16),C16/O16,"") | Q16: =IF(AND($A16+(-36)>=1,$A16+(-36)<=$B$8),INDEX($P$12:$P$59,$A16+(-36)),"") | R16: =IF(AND($A16+(-24)>=1,$A16+(-24)<=$B$8),INDEX($P$12:$P$59,$A16+(-24)),"") | S16: =IF(AND($A16+(-12)>=1,$A16+(-12)<=$B$8),INDEX($P$12:$P$59,$A16+(-12)),"") | T16: =IF(AND($A16+(0)>=1,$A16+(0)<=$B$8),INDEX($P$12:$P$59,$A16+(0)),"") | U16: =IF(AND($A16+(12)>=1,$A16+(12)<=$B$8),INDEX($P$12:$P$59,$A16+(12)),"") -> 0.87285957 | V16: =IF(AND($A16+(24)>=1,$A16+(24)<=$B$8),INDEX($P$12:$P$59,$A16+(24)),"") -> 0.92918864 | W16: =IF(AND($A16+(36)>=1,$A16+(36)<=$B$8),INDEX($P$12:$P$59,$A16+(36)),"") -> 0.89169982 | X16: =IF(SUMPRODUCT(Bobot_Filter!$B$43:$H$43,ISNUMBER(Q16:W16)*1)>0,SUMPRODUCT(Bobot_Filter!$B$43:$H$43,Q16:W16)/SUMPRODUCT(Bobot_Filter!$B$43:$H$43,ISNUMBER(Q16:W16)*1),"") -> 0.89477597 | Y16: =IF(AND($A16>=$B$6,$A16<=$B$7),SUMPRODUCT(Bobot_Filter!$B$4:$B$16,X10:X22),"") | Z16: =X16/INDEX($Y$12:$Y$59,MAX($B$6,MIN($A16,$B$7))) -> 0.8958203 | AA16: =C16/Z16 -> 246.70126 | AB16: =IF(AND($A16>=$B$6,$A16<=$B$7),SUMPRODUCT(Bobot_Filter!$B$20:$B$32,AA10:AA22),"") | AC16: =IF(ISNUMBER(AB16),AA16/AB16,"") | AD16: =$B$4+$B$3*A16 -> 229.53824 | AE16: =AD16*Z16 -> 205.62501
A17: 6 | B17: =Data!B10 -> 44501 | C17: =Data!E10 -> 225 | D17: =IF(AND($A17>=$B$6,$A17<=$B$7),SUMPRODUCT(Bobot_Filter!$B$4:$B$16,C11:C23),"") | E17: =IF(ISNUMBER(D17),C17/D17,"") | F17: =IF(AND($A17+(-24)>=1,$A17+(-24)<=$B$8),INDEX($E$12:$E$59,$A17+(-24)),"") | G17: =IF(AND($A17+(-12)>=1,$A17+(-12)<=$B$8),INDEX($E$12:$E$59,$A17+(-12)),"") | H17: =IF(AND($A17+(0)>=1,$A17+(0)<=$B$8),INDEX($E$12:$E$59,$A17+(0)),"") | I17: =IF(AND($A17+(12)>=1,$A17+(12)<=$B$8),INDEX($E$12:$E$59,$A17+(12)),"") -> 0.9398832 | J17: =IF(AND($A17+(24)>=1,$A17+(24)<=$B$8),INDEX($E$12:$E$59,$A17+(24)),"") -> 0.92367906 | K17: =IF(SUMPRODUCT(Bobot_Filter!$B$38:$F$38,ISNUMBER(F17:J17)*1)>0,SUMPRODUCT(Bobot_Filter!$B$38:$F$38,F17:J17)/SUMPRODUCT(Bobot_Filter!$B$38:$F$38,ISNUMBER(F17:J17)*1),"") -> 0.93448182 | L17: =IF(AND($A17>=$B$6,$A17<=$B$7),SUMPRODUCT(Bobot_Filter!$B$4:$B$16,K11:K23),"") | M17: =K17/INDEX($L$12:$L$59,MAX($B$6,MIN($A17,$B$7))) -> 0.93808449 | N17: =C17/M17 -> 239.85046 | O17: =IF(AND($A17>=$B$6,$A17<=$B$7),SUMPRODUCT(Bobot_Filter!$B$20:$B$32,N11:N23),"") | P17: =IF(ISNUMBER(O17),C17/O17,"") | Q17: =IF(AND($A17+(-36)>=1,$A17+(-36)<=$B$8),INDEX($P$12:$P$59,$A17+(-36)),"") | R17: =IF(AND($A17+(-24)>=1,$A17+(-24)<=$B$8),INDEX($P$12:$P$59,$A17+(-24)),"") | S17: =IF(AND($A17+(-12)>=1,$A17+(-12)<=$B$8),INDEX($P$12:$P$59,$A17+(-12)),"") | T17: =IF(AND($A17+(0)>=1,$A17+(0)<=$B$8),INDEX($P$12:$P$59,$A17+(0)),"") | U17: =IF(AND($A17+(12)>=1,$A17+(12)<=$B$8),INDEX($P$12:$P$59,$A17+(12)),"") -> 0.95134815 | V17: =IF(AND($A17+(24)>=1,$A17+(24)<=$B$8),INDEX($P$12:$P$59,$A17+(24)),"") -> 0.90829084 | W17: =IF(AND($A17+(36)>=1,$A17+(36)<=$B$8),INDEX($P$12:$P$59,$A17+(36)),"") -> 0.92458634 | X17: =IF(SUMPRODUCT(Bobot_Filter!$B$43:$H$43,ISNUMBER(Q17:W17)*1)>0,SUMPRODUCT(Bobot_Filter!$B$43:$H$43,Q17:W17)/SUMPRODUCT(Bobot_Filter!$B$43:$H$43,ISNUMBER(Q17:W17)*1),"") -> 0.93253541 | Y17: =IF(AND($A17>=$B$6,$A17<=$B$7),SUMPRODUCT(Bobot_Filter!$B$4:$B$16,X11:X23),"") | Z17: =X17/INDEX($Y$12:$Y$59,MAX($B$6,MIN($A17,$B$7))) -> 0.93362381 | AA17: =C17/Z17 -> 240.99642 | AB17: =IF(AND($A17>=$B$6,$A17<=$B$7),SUMPRODUCT(Bobot_Filter!$B$20:$B$32,AA11:AA23),"") | AC17: =IF(ISNUMBER(AB17),AA17/AB17,"") | AD17: =$B$4+$B$3*A17 -> 230.38791 | AE17: =AD17*Z17 -> 215.09563
A18: 7 | B18: =Data!B11 -> 44531 | C18: =Data!E11 -> 278 | D18: =IF(AND($A18>=$B$6,$A18<=$B$7),SUMPRODUCT(Bobot_Filter!$B$4:$B$16,C12:C24),"") -> 232.79167 | E18: =IF(ISNUMBER(D18),C18/D18,"") -> 1.1942008 | F18: =IF(AND($A18+(-24)>=1,$A18+(-24)<=$B$8),INDEX($E$12:$E$59,$A18+(-24)),"") | G18: =IF(AND($A18+(-12)>=1,$A18+(-12)<=$B$8),INDEX($E$12:$E$59,$A18+(-12)),"") | H18: =IF(AND($A18+(0)>=1,$A18+(0)<=$B$8),INDEX($E$12:$E$59,$A18+(0)),"") -> 1.1942008 | I18: =IF(AND($A18+(12)>=1,$A18+(12)<=$B$8),INDEX($E$12:$E$59,$A18+(12)),"") -> 1.1634863 | J18: =IF(AND($A18+(24)>=1,$A18+(24)<=$B$8),INDEX($E$12:$E$59,$A18+(24)),"") -> 1.1253663 | K18: =IF(SUMPRODUCT(Bobot_Filter!$B$38:$F$38,ISNUMBER(F18:J18)*1)>0,SUMPRODUCT(Bobot_Filter!$B$38:$F$38,F18:J18)/SUMPRODUCT(Bobot_Filter!$B$38:$F$38,ISNUMBER(F18:J18)*1),"") -> 1.1724902 | L18: =IF(AND($A18>=$B$6,$A18<=$B$7),SUMPRODUCT(Bobot_Filter!$B$4:$B$16,K12:K24),"") -> 0.99615955 | M18: =K18/INDEX($L$12:$L$59,MAX($B$6,MIN($A18,$B$7))) -> 1.1770105 | N18: =C18/M18 -> 236.19161 | O18: =IF(AND($A18>=$B$6,$A18<=$B$7),SUMPRODUCT(Bobot_Filter!$B$20:$B$32,N12:N24),"") -> 231.95125 | P18: =IF(ISNUMBER(O18),C18/O18,"") -> 1.1985277 | Q18: =IF(AND($A18+(-36)>=1,$A18+(-36)<=$B$8),INDEX($P$12:$P$59,$A18+(-36)),"") | R18: =IF(AND($A18+(-24)>=1,$A18+(-24)<=$B$8),INDEX($P$12:$P$59,$A18+(-24)),"") | S18: =IF(AND($A18+(-12)>=1,$A18+(-12)<=$B$8),INDEX($P$12:$P$59,$A18+(-12)),"") | T18: =IF(AND($A18+(0)>=1,$A18+(0)<=$B$8),INDEX($P$12:$P$59,$A18+(0)),"") -> 1.1985277 | U18: =IF(AND($A18+(12)>=1,$A18+(12)<=$B$8),INDEX($P$12:$P$59,$A18+(12)),"") -> 1.1608178 | V18: =IF(AND($A18+(24)>=1,$A18+(24)<=$B$8),INDEX($P$12:$P$59,$A18+(24)),"") -> 1.1098973 | W18: =IF(AND($A18+(36)>=1,$A18+(36)<=$B$8),INDEX($P$12:$P$59,$A18+(36)),"") | X18: =IF(SUMPRODUCT(Bobot_Filter!$B$43:$H$43,ISNUMBER(Q18:W18)*1)>0,SUMPRODUCT(Bobot_Filter!$B$43:$H$43,Q18:W18)/SUMPRODUCT(Bobot_Filter!$B$43:$H$43,ISNUMBER(Q18:W18)*1),"") -> 1.1622289 | Y18: =IF(AND($A18>=$B$6,$A18<=$B$7),SUMPRODUCT(Bobot_Filter!$B$4:$B$16,X12:X24),"") -> 0.99883422 | Z18: =X18/INDEX($Y$12:$Y$59,MAX($B$6,MIN($A18,$B$7))) -> 1.1635854 | AA18: =C18/Z18 -> 238.91671 | AB18: =IF(AND($A18>=$B$6,$A18<=$B$7),SUMPRODUCT(Bobot_Filter!$B$20:$B$32,AA12:AA24),"") -> 230.7315 | AC18: =IF(ISNUMBER(AB18),AA18/AB18,"") -> 1.0354751 | AD18: =$B$4+$B$3*A18 -> 231.23757 | AE18: =AD18*Z18 -> 269.06467
A19: 8 | B19: =Data!B12 -> 44562 | C19: =Data!E12 -> 245 | D19: =IF(AND($A19>=$B$6,$A19<=$B$7),SUMPRODUCT(Bobot_Filter!$B$4:$B$16,C13:C25),"") -> 233.375 | E19: =IF(ISNUMBER(D19),C19/D19,"") -> 1.0498125 | F19: =IF(AND($A19+(-24)>=1,$A19+(-24)<=$B$8),INDEX($E$12:$E$59,$A19+(-24)),"") | G19: =IF(AND($A19+(-12)>=1,$A19+(-12)<=$B$8),INDEX($E$12:$E$59,$A19+(-12)),"") | H19: =IF(AND($A19+(0)>=1,$A19+(0)<=$B$8),INDEX($E$12:$E$59,$A19+(0)),"") -> 1.0498125 | I19: =IF(AND($A19+(12)>=1,$A19+(12)<=$B$8),INDEX($E$12:$E$59,$A19+(12)),"") -> 1.072052 | J19: =IF(AND($A19+(24)>=1,$A19+(24)<=$B$8),INDEX($E$12:$E$59,$A19+(24)),"") -> 1.0837952 | K19: =IF(SUMPRODUCT(Bobot_Filter!$B$38:$F$38,ISNUMBER(F19:J19)*1)>0,SUMPRODUCT(Bobot_Filter!$B$38:$F$38,F19:J19)/SUMPRODUCT(Bobot_Filter!$B$38:$F$38,ISNUMBER(F19:J19)*1),"") -> 1.0628895 | L19: =IF(AND($A19>=$B$6,$A19<=$B$7),SUMPRODUCT(Bobot_Filter!$B$4:$B$16,K13:K25),"") -> 0.99551598 | M19: =K19/INDEX($L$12:$L$59,MAX($B$6,MIN($A19,$B$7))) -> 1.067677 | N19: =C19/M19 -> 229.47015 | O19: =IF(AND($A19>=$B$6,$A19<=$B$7),SUMPRODUCT(Bobot_Filter!$B$20:$B$32,N13:N25),"") -> 227.68519 | P19: =IF(ISNUMBER(O19),C19/O19,"") -> 1.0760472 | Q19: =IF(AND($A19+(-36)>=1,$A19+(-36)<=$B$8),INDEX($P$12:$P$59,$A19+(-36)),"") | R19: =IF(AND($A19+(-24)>=1,$A19+(-24)<=$B$8),INDEX($P$12:$P$59,$A19+(-24)),"") | S19: =IF(AND($A19+(-12)>=1,$A19+(-12)<=$B$8),INDEX($P$12:$P$59,$A19+(-12)),"") | T19: =IF(AND($A19+(0)>=1,$A19+(0)<=$B$8),INDEX($P$12:$P$59,$A19+(0)),"") -> 1.0760472 | U19: =IF(AND($A19+(12)>=1,$A19+(12)<=$B$8),INDEX($P$12:$P$59,$A19+(12)),"") -> 1.0622995 | V19: =IF(AND($A19+(24)>=1,$A19+(24)<=$B$8),INDEX($P$12:$P$59,$A19+(24)),"") -> 1.0703683 | W19: =IF(AND($A19+(36)>=1,$A19+(36)<=$B$8),INDEX($P$12:$P$59,$A19+(36)),"") | X19: =IF(SUMPRODUCT(Bobot_Filter!$B$43:$H$43,ISNUMBER(Q19:W19)*1)>0,SUMPRODUCT(Bobot_Filter!$B$43:$H$43,Q19:W19)/SUMPRODUCT(Bobot_Filter!$B$43:$H$43,ISNUMBER(Q19:W19)*1),"") -> 1.0694721 | Y19: =IF(AND($A19>=$B$6,$A19<=$B$7),SUMPRODUCT(Bobot_Filter!$B$4:$B$16,X13:X25),"") -> 0.99875754 | Z19: =X19/INDEX($Y$12:$Y$59,MAX($B$6,MIN($A19,$B$7))) -> 1.0708025 | AA19: =C19/Z19 -> 228.80036 | AB19: =IF(AND($A19>=$B$6,$A19<=$B$7),SUMPRODUCT(Bobot_Filter!$B$20:$B$32,AA13:AA25),"") -> 226.02063 | AC19: =IF(ISNUMBER(AB19),AA19/AB19,"") -> 1.0122986 | AD19: =$B$4+$B$3*A19 -> 232.08724 | AE19: =AD19*Z19 -> 248.5196
A20: 9 | B20: =Data!B13 -> 44593 | C20: =Data!E13 -> 179 | D20: =IF(AND($A20>=$B$6,$A20<=$B$7),SUMPRODUCT(Bobot_Filter!$B$4:$B$16,C14:C26),"") -> 233.70833 | E20: =IF(ISNUMBER(D20),C20/D20,"") -> 0.76591193 | F20: =IF(AND($A20+(-24)>=1,$A20+(-24)<=$B$8),INDEX($E$12:$E$59,$A20+(-24)),"") | G20: =IF(AND($A20+(-12)>=1,$A20+(-12)<=$B$8),INDEX($E$12:$E$59,$A20+(-12)),"") | H20: =IF(AND($A20+(0)>=1,$A20+(0)<=$B$8),INDEX($E$12:$E$59,$A20+(0)),"") -> 0.76591193 | I20: =IF(AND($A20+(12)>=1,$A20+(12)<=$B$8),INDEX($E$12:$E$59,$A20+(12)),"") -> 0.93267428 | J20: =IF(AND($A20+(24)>=1,$A20+(24)<=$B$8),INDEX($E$12:$E$59,$A20+(24)),"") -> 0.9717551 | K20: =IF(SUMPRODUCT(Bobot_Filter!$B$38:$F$38,ISNUMBER(F20:J20)*1)>0,SUMPRODUCT(Bobot_Filter!$B$38:$F$38,F20:J20)/SUMPRODUCT(Bobot_Filter!$B$38:$F$38,ISNUMBER(F20:J20)*1),"") -> 0.85580657 | L20: =IF(AND($A20>=$B$6,$A20<=$B$7),SUMPRODUCT(Bobot_Filter!$B$4:$B$16,K14:K26),"") -> 0.99488169 | M20: =K20/INDEX($L$12:$L$59,MAX($B$6,MIN($A20,$B$7))) -> 0.8602094 | N20: =C20/M20 -> 208.08887 | O20: =IF(AND($A20>=$B$6,$A20<=$B$7),SUMPRODUCT(Bobot_Filter!$B$20:$B$32,N14:N26),"") -> 225.38899 | P20: =IF(ISNUMBER(O20),C20/O20,"") -> 0.79418253 | Q20: =IF(AND($A20+(-36)>=1,$A20+(-36)<=$B$8),INDEX($P$12:$P$59,$A20+(-36)),"") | R20: =IF(AND($A20+(-24)>=1,$A20+(-24)<=$B$8),INDEX($P$12:$P$59,$A20+(-24)),"") | S20: =IF(AND($A20+(-12)>=1,$A20+(-12)<=$B$8),INDEX($P$12:$P$59,$A20+(-12)),"") | T20: =IF(AND($A20+(0)>=1,$A20+(0)<=$B$8),INDEX($P$12:$P$59,$A20+(0)),"") -> 0.79418253 | U20: =IF(AND($A20+(12)>=1,$A20+(12)<=$B$8),INDEX($P$12:$P$59,$A20+(12)),"") -> 0.92123116 | V20: =IF(AND($A20+(24)>=1,$A20+(24)<=$B$8),INDEX($P$12:$P$59,$A20+(24)),"") -> 0.96265492 | W20: =IF(AND($A20+(36)>=1,$A20+(36)<=$B$8),INDEX($P$12:$P$59,$A20+(36)),"") | X20: =IF(SUMPRODUCT(Bobot_Filter!$B$43:$H$43,ISNUMBER(Q20:W20)*1)>0,SUMPRODUCT(Bobot_Filter!$B$43:$H$43,Q20:W20)/SUMPRODUCT(Bobot_Filter!$B$43:$H$43,ISNUMBER(Q20:W20)*1),"") -> 0.88394387 | Y20: =IF(AND($A20>=$B$6,$A20<=$B$7),SUMPRODUCT(Bobot_Filter!$B$4:$B$16,X14:X26),"") -> 0.99858124 | Z20: =X20/INDEX($Y$12:$Y$59,MAX($B$6,MIN($A20,$B$7))) -> 0.88519976 | AA20: =C20/Z20 -> 202.21424 | AB20: =IF(AND($A20>=$B$6,$A20<=$B$7),SUMPRODUCT(Bobot_Filter!$B$20:$B$32,AA14:AA26),"") -> 223.617 | AC20: =IF(ISNUMBER(AB20),AA20/AB20,"") -> 0.90428833 | AD20: =$B$4+$B$3*A20 -> 232.93691 | AE20: =AD20*Z20 -> 206.19569
A21: 10 | B21: =Data!B14 -> 44621 | C21: =Data!E14 -> 223 | D21: =IF(AND($A21>=$B$6,$A21<=$B$7),SUMPRODUCT(Bobot_Filter!$B$4:$B$16,C15:C27),"") -> 233.83333 | E21: =IF(ISNUMBER(D21),C21/D21,"") -> 0.95367071 | F21: =IF(AND($A21+(-24)>=1,$A21+(-24)<=$B$8),INDEX($E$12:$E$59,$A21+(-24)),"") | G21: =IF(AND($A21+(-12)>=1,$A21+(-12)<=$B$8),INDEX($E$12:$E$59,$A21+(-12)),"") | H21: =IF(AND($A21+(0)>=1,$A21+(0)<=$B$8),INDEX($E$12:$E$59,$A21+(0)),"") -> 0.95367071 | I21: =IF(AND($A21+(12)>=1,$A21+(12)<=$B$8),INDEX($E$12:$E$59,$A21+(12)),"") -> 1.040298 | J21: =IF(AND($A21+(24)>=1,$A21+(24)<=$B$8),INDEX($E$12:$E$59,$A21+(24)),"") -> 1.0992966 | K21: =IF(SUMPRODUCT(Bobot_Filter!$B$38:$F$38,ISNUMBER(F21:J21)*1)>0,SUMPRODUCT(Bobot_Filter!$B$38:$F$38,F21:J21)/SUMPRODUCT(Bobot_Filter!$B$38:$F$38,ISNUMBER(F21:J21)*1),"") -> 1.0068175 | L21: =IF(AND($A21>=$B$6,$A21<=$B$7),SUMPRODUCT(Bobot_Filter!$B$4:$B$16,K15:K27),"") -> 0.99475316 | M21: =K21/INDEX($L$12:$L$59,MAX($B$6,MIN($A21,$B$7))) -> 1.0121279 | N21: =C21/M21 -> 220.32788 | O21: =IF(AND($A21>=$B$6,$A21<=$B$7),SUMPRODUCT(Bobot_Filter!$B$20:$B$32,N15:N27),"") -> 226.29101 | P21: =IF(ISNUMBER(O21),C21/O21,"") -> 0.98545675 | Q21: =IF(AND($A21+(-36)>=1,$A21+(-36)<=$B$8),INDEX($P$12:$P$59,$A21+(-36)),"") | R21: =IF(AND($A21+(-24)>=1,$A21+(-24)<=$B$8),INDEX($P$12:$P$59,$A21+(-24)),"") | S21: =IF(AND($A21+(-12)>=1,$A21+(-12)<=$B$8),INDEX($P$12:$P$59,$A21+(-12)),"") | T21: =IF(AND($A21+(0)>=1,$A21+(0)<=$B$8),INDEX($P$12:$P$59,$A21+(0)),"") -> 0.98545675 | U21: =IF(AND($A21+(12)>=1,$A21+(12)<=$B$8),INDEX($P$12:$P$59,$A21+(12)),"") -> 1.0324385 | V21: =IF(AND($A21+(24)>=1,$A21+(24)<=$B$8),INDEX($P$12:$P$59,$A21+(24)),"") -> 1.0942457 | W21: =IF(AND($A21+(36)>=1,$A21+(36)<=$B$8),INDEX($P$12:$P$59,$A21+(36)),"") | X21: =IF(SUMPRODUCT(Bobot_Filter!$B$43:$H$43,ISNUMBER(Q21:W21)*1)>0,SUMPRODUCT(Bobot_Filter!$B$43:$H$43,Q21:W21)/SUMPRODUCT(Bobot_Filter!$B$43:$H$43,ISNUMBER(Q21:W21)*1),"") -> 1.0302722 | Y21: =IF(AND($A21>=$B$6,$A21<=$B$7),SUMPRODUCT(Bobot_Filter!$B$4:$B$16,X15:X27),"") -> 0.99861441 | Z21: =X21/INDEX($Y$12:$Y$59,MAX($B$6,MIN($A21,$B$7))) -> 1.0317017 | AA21: =C21/Z21 -> 216.14776 | AB21: =IF(AND($A21>=$B$6,$A21<=$B$7),SUMPRODUCT(Bobot_Filter!$B$20:$B$32,AA15:AA27),"") -> 224.97094 | AC21: =IF(ISNUMBER(AB21),AA21/AB21,"") -> 0.96078079 | AD21: =$B$4+$B$3*A21 -> 233.78658 | AE21: =AD21*Z21 -> 241.198
A22: 11 | B22: =Data!B15 -> 44652 | C22: =Data!E15 -> 293 | D22: =IF(AND($A22>=$B$6,$A22<=$B$7),SUMPRODUCT(Bobot_Filter!$B$4:$B$16,C16:C28),"") -> 233.33333 | E22: =IF(ISNUMBER(D22),C22/D22,"") -> 1.2557143 | F22: =IF(AND($A22+(-24)>=1,$A22+(-24)<=$B$8),INDEX($E$12:$E$59,$A22+(-24)),"") | G22: =IF(AND($A22+(-12)>=1,$A22+(-12)<=$B$8),INDEX($E$12:$E$59,$A22+(-12)),"") | H22: =IF(AND($A22+(0)>=1,$A22+(0)<=$B$8),INDEX($E$12:$E$59,$A22+(0)),"") -> 1.2557143 | I22: =IF(AND($A22+(12)>=1,$A22+(12)<=$B$8),INDEX($E$12:$E$59,$A22+(12)),"") -> 1.248996 | J22: =IF(AND($A22+(24)>=1,$A22+(24)<=$B$8),INDEX($E$12:$E$59,$A22+(24)),"") -> 1.1550591 | K22: =IF(SUMPRODUCT(Bobot_Filter!$B$38:$F$38,ISNUMBER(F22:J22)*1)>0,SUMPRODUCT(Bobot_Filter!$B$38:$F$38,F22:J22)/SUMPRODUCT(Bobot_Filter!$B$38:$F$38,ISNUMBER(F22:J22)*1),"") -> 1.236699 | L22: =IF(AND($A22>=$B$6,$A22<=$B$7),SUMPRODUCT(Bobot_Filter!$B$4:$B$16,K16:K28),"") -> 0.99519669 | M22: =K22/INDEX($L$12:$L$59,MAX($B$6,MIN($A22,$B$7))) -> 1.2426679 | N22: =C22/M22 -> 235.78303 | O22: =IF(AND($A22>=$B$6,$A22<=$B$7),SUMPRODUCT(Bobot_Filter!$B$20:$B$32,N16:N28),"") -> 229.81036 | P22: =IF(ISNUMBER(O22),C22/O22,"") -> 1.2749643 | Q22: =IF(AND($A22+(-36)>=1,$A22+(-36)<=$B$8),INDEX($P$12:$P$59,$A22+(-36)),"") | R22: =IF(AND($A22+(-24)>=1,$A22+(-24)<=$B$8),INDEX($P$12:$P$59,$A22+(-24)),"") | S22: =IF(AND($A22+(-12)>=1,$A22+(-12)<=$B$8),INDEX($P$12:$P$59,$A22+(-12)),"") | T22: =IF(AND($A22+(0)>=1,$A22+(0)<=$B$8),INDEX($P$12:$P$59,$A22+(0)),"") -> 1.2749643 | U22: =IF(AND($A22+(12)>=1,$A22+(12)<=$B$8),INDEX($P$12:$P$59,$A22+(12)),"") -> 1.2567293 | V22: =IF(AND($A22+(24)>=1,$A22+(24)<=$B$8),INDEX($P$12:$P$59,$A22+(24)),"") -> 1.154549 | W22: =IF(AND($A22+(36)>=1,$A22+(36)<=$B$8),INDEX($P$12:$P$59,$A22+(36)),"") | X22: =IF(SUMPRODUCT(Bobot_Filter!$B$43:$H$43,ISNUMBER(Q22:W22)*1)>0,SUMPRODUCT(Bobot_Filter!$B$43:$H$43,Q22:W22)/SUMPRODUCT(Bobot_Filter!$B$43:$H$43,ISNUMBER(Q22:W22)*1),"") -> 1.2380223 | Y22: =IF(AND($A22>=$B$6,$A22<=$B$7),SUMPRODUCT(Bobot_Filter!$B$4:$B$16,X16:X28),"") -> 0.99905257 | Z22: =X22/INDEX($Y$12:$Y$59,MAX($B$6,MIN($A22,$B$7))) -> 1.2391964 | AA22: =C22/Z22 -> 236.44355 | AB22: =IF(AND($A22>=$B$6,$A22<=$B$7),SUMPRODUCT(Bobot_Filter!$B$20:$B$32,AA16:AA28),"") -> 229.46164 | AC22: =IF(ISNUMBER(AB22),AA22/AB22,"") -> 1.0304274 | AD22: =$B$4+$B$3*A22 -> 234.63624 | AE22: =AD22*Z22 -> 290.76039
A23: 12 | B23: =Data!B16 -> 44682 | C23: =Data!E16 -> 241 | D23: =IF(AND($A23>=$B$6,$A23<=$B$7),SUMPRODUCT(Bobot_Filter!$B$4:$B$16,C17:C29),"") -> 232.875 | E23: =IF(ISNUMBER(D23),C23/D23,"") -> 1.03489 | F23: =IF(AND($A23+(-24)>=1,$A23+(-24)<=$B$8),INDEX($E$12:$E$59,$A23+(-24)),"") | G23: =IF(AND($A23+(-12)>=1,$A23+(-12)<=$B$8),INDEX($E$12:$E$59,$A23+(-12)),"") | H23: =IF(AND($A23+(0)>=1,$A23+(0)<=$B$8),INDEX($E$12:$E$59,$A23+(0)),"") -> 1.03489 | I23: =IF(AND($A23+(12)>=1,$A23+(12)<=$B$8),INDEX($E$12:$E$59,$A23+(12)),"") -> 0.92123629 | J23: =IF(AND($A23+(24)>=1,$A23+(24)<=$B$8),INDEX($E$12:$E$59,$A23+(24)),"") -> 0.95178542 | K23: =IF(SUMPRODUCT(Bobot_Filter!$B$38:$F$38,ISNUMBER(F23:J23)*1)>0,SUMPRODUCT(Bobot_Filter!$B$38:$F$38,F23:J23)/SUMPRODUCT(Bobot_Filter!$B$38:$F$38,ISNUMBER(F23:J23)*1),"") -> 0.98315465 | L23: =IF(AND($A23>=$B$6,$A23<=$B$7),SUMPRODUCT(Bobot_Filter!$B$4:$B$16,K17:K29),"") -> 0.99528258 | M23: =K23/INDEX($L$12:$L$59,MAX($B$6,MIN($A23,$B$7))) -> 0.98781458 | N23: =C23/M23 -> 243.97291 | O23: =IF(AND($A23>=$B$6,$A23<=$B$7),SUMPRODUCT(Bobot_Filter!$B$20:$B$32,N17:N29),"") -> 234.17011 | P23: =IF(ISNUMBER(O23),C23/O23,"") -> 1.0291664 | Q23: =IF(AND($A23+(-36)>=1,$A23+(-36)<=$B$8),INDEX($P$12:$P$59,$A23+(-36)),"") | R23: =IF(AND($A23+(-24)>=1,$A23+(-24)<=$B$8),INDEX($P$12:$P$59,$A23+(-24)),"") | S23: =IF(AND($A23+(-12)>=1,$A23+(-12)<=$B$8),INDEX($P$12:$P$59,$A23+(-12)),"") | T23: =IF(AND($A23+(0)>=1,$A23+(0)<=$B$8),INDEX($P$12:$P$59,$A23+(0)),"") -> 1.0291664 | U23: =IF(AND($A23+(12)>=1,$A23+(12)<=$B$8),INDEX($P$12:$P$59,$A23+(12)),"") -> 0.93243052 | V23: =IF(AND($A23+(24)>=1,$A23+(24)<=$B$8),INDEX($P$12:$P$59,$A23+(24)),"") -> 0.95886233 | W23: =IF(AND($A23+(36)>=1,$A23+(36)<=$B$8),INDEX($P$12:$P$59,$A23+(36)),"") | X23: =IF(SUMPRODUCT(Bobot_Filter!$B$43:$H$43,ISNUMBER(Q23:W23)*1)>0,SUMPRODUCT(Bobot_Filter!$B$43:$H$43,Q23:W23)/SUMPRODUCT(Bobot_Filter!$B$43:$H$43,ISNUMBER(Q23:W23)*1),"") -> 0.97531442 | Y23: =IF(AND($A23>=$B$6,$A23<=$B$7),SUMPRODUCT(Bobot_Filter!$B$4:$B$16,X17:X29),"") -> 0.9990481 | Z23: =X23/INDEX($Y$12:$Y$59,MAX($B$6,MIN($A23,$B$7))) -> 0.9762437 | AA23: =C23/Z23 -> 246.86459 | AB23: =IF(AND($A23>=$B$6,$A23<=$B$7),SUMPRODUCT(Bobot_Filter!$B$20:$B$32,AA17:AA29),"") -> 234.96377 | AC23: =IF(ISNUMBER(AB23),AA23/AB23,"") -> 1.0506496 | AD23: =$B$4+$B$3*A23 -> 235.48591 | AE23: =AD23*Z23 -> 229.89164
A24: 13 | B24: =Data!B17 -> 44713 | C24: =Data!E17 -> 228 | D24: =IF(AND($A24>=$B$6,$A24<=$B$7),SUMPRODUCT(Bobot_Filter!$B$4:$B$16,C18:C30),"") -> 233.16667 | E24: =IF(ISNUMBER(D24),C24/D24,"") -> 0.97784132 | F24: =IF(AND($A24+(-24)>=1,$A24+(-24)<=$B$8),INDEX($E$12:$E$59,$A24+(-24)),"") | G24: =IF(AND($A24+(-12)>=1,$A24+(-12)<=$B$8),INDEX($E$12:$E$59,$A24+(-12)),"") | H24: =IF(AND($A24+(0)>=1,$A24+(0)<=$B$8),INDEX($E$12:$E$59,$A24+(0)),"") -> 0.97784132 | I24: =IF(AND($A24+(12)>=1,$A24+(12)<=$B$8),INDEX($E$12:$E$59,$A24+(12)),"") -> 0.9270557 | J24: =IF(AND($A24+(24)>=1,$A24+(24)<=$B$8),INDEX($E$12:$E$59,$A24+(24)),"") -> 0.91792515 | K24: =IF(SUMPRODUCT(Bobot_Filter!$B$38:$F$38,ISNUMBER(F24:J24)*1)>0,SUMPRODUCT(Bobot_Filter!$B$38:$F$38,F24:J24)/SUMPRODUCT(Bobot_Filter!$B$38:$F$38,ISNUMBER(F24:J24)*1),"") -> 0.95092675 | L24: =IF(AND($A24>=$B$6,$A24<=$B$7),SUMPRODUCT(Bobot_Filter!$B$4:$B$16,K18:K30),"") -> 0.9947399 | M24: =K24/INDEX($L$12:$L$59,MAX($B$6,MIN($A24,$B$7))) -> 0.95595517 | N24: =C24/M24 -> 238.50491 | O24: =IF(AND($A24>=$B$6,$A24<=$B$7),SUMPRODUCT(Bobot_Filter!$B$20:$B$32,N18:N30),"") -> 237.14834 | P24: =IF(ISNUMBER(O24),C24/O24,"") -> 0.96142357 | Q24: =IF(AND($A24+(-36)>=1,$A24+(-36)<=$B$8),INDEX($P$12:$P$59,$A24+(-36)),"") | R24: =IF(AND($A24+(-24)>=1,$A24+(-24)<=$B$8),INDEX($P$12:$P$59,$A24+(-24)),"") | S24: =IF(AND($A24+(-12)>=1,$A24+(-12)<=$B$8),INDEX($P$12:$P$59,$A24+(-12)),"") | T24: =IF(AND($A24+(0)>=1,$A24+(0)<=$B$8),INDEX($P$12:$P$59,$A24+(0)),"") -> 0.96142357 | U24: =IF(AND($A24+(12)>=1,$A24+(12)<=$B$8),INDEX($P$12:$P$59,$A24+(12)),"") -> 0.9334777 | V24: =IF(AND($A24+(24)>=1,$A24+(24)<=$B$8),INDEX($P$12:$P$59,$A24+(24)),"") -> 0.93445646 | W24: =IF(AND($A24+(36)>=1,$A24+(36)<=$B$8),INDEX($P$12:$P$59,$A24+(36)),"") | X24: =IF(SUMPRODUCT(Bobot_Filter!$B$43:$H$43,ISNUMBER(Q24:W24)*1)>0,SUMPRODUCT(Bobot_Filter!$B$43:$H$43,Q24:W24)/SUMPRODUCT(Bobot_Filter!$B$43:$H$43,ISNUMBER(Q24:W24)*1),"") -> 0.94420209 | Y24: =IF(AND($A24>=$B$6,$A24<=$B$7),SUMPRODUCT(Bobot_Filter!$B$4:$B$16,X18:X30),"") -> 0.99863815 | Z24: =X24/INDEX($Y$12:$Y$59,MAX($B$6,MIN($A24,$B$7))) -> 0.9454897 | AA24: =C24/Z24 -> 241.14488 | AB24: =IF(AND($A24>=$B$6,$A24<=$B$7),SUMPRODUCT(Bobot_Filter!$B$20:$B$32,AA18:AA30),"") -> 238.65941 | AC24: =IF(ISNUMBER(AB24),AA24/AB24,"") -> 1.0104143 | AD24: =$B$4+$B$3*A24 -> 236.33558 | AE24: =AD24*Z24 -> 223.45286 | AF24: =ABS(C24-AE24)/C24 -> 0.019943616
